Timestamp,Temperature,Humidity
11:45:0 | 9-5-2024,19.81,53.97
11:46:0 | 9-5-2024,19.75,54.24
11:47:0 | 9-5-2024,19.68,54.45
11:48:0 | 9-5-2024,19.61,54.73
11:49:0 | 9-5-2024,19.56,55.01
11:50:0 | 9-5-2024,19.52,55.08
11:51:0 | 9-5-2024,19.47,54.97
11:52:0 | 9-5-2024,19.44,54.97
11:53:0 | 9-5-2024,19.43,54.87
11:54:0 | 9-5-2024,19.40,54.99
11:55:0 | 9-5-2024,19.37,54.87
11:56:0 | 9-5-2024,19.36,54.70
11:57:0 | 9-5-2024,19.34,54.71
11:58:0 | 9-5-2024,19.35,54.82
11:59:0 | 9-5-2024,19.31,54.92
12:0:0 | 9-5-2024,19.29,55.09
12:1:0 | 9-5-2024,19.29,55.23
12:2:0 | 9-5-2024,19.30,55.11
12:3:0 | 9-5-2024,19.27,55.15
12:4:0 | 9-5-2024,19.29,56.10
12:5:0 | 9-5-2024,19.37,56.52
12:6:0 | 9-5-2024,19.39,56.65
12:7:0 | 9-5-2024,19.34,56.38
12:8:0 | 9-5-2024,19.32,56.16
12:9:0 | 9-5-2024,19.34,56.33
12:10:0 | 9-5-2024,19.39,56.54
12:11:0 | 9-5-2024,19.39,55.74
12:12:0 | 9-5-2024,19.36,55.83
12:13:0 | 9-5-2024,19.36,55.92
12:14:0 | 9-5-2024,19.44,58.02
12:15:0 | 9-5-2024,19.42,55.92
12:16:0 | 9-5-2024,19.44,55.90
12:17:0 | 9-5-2024,19.44,55.84
12:18:0 | 9-5-2024,19.50,56.02
12:19:0 | 9-5-2024,19.51,55.67
12:20:0 | 9-5-2024,19.58,57.36
12:21:0 | 9-5-2024,19.58,55.84
12:22:0 | 9-5-2024,19.61,56.04
12:23:0 | 9-5-2024,19.61,55.66
12:24:0 | 9-5-2024,19.60,56.00
12:25:0 | 9-5-2024,19.64,55.83
12:26:0 | 9-5-2024,19.65,55.48
12:27:0 | 9-5-2024,19.66,55.70
12:28:0 | 9-5-2024,19.69,55.74
12:29:0 | 9-5-2024,19.73,55.48
12:30:0 | 9-5-2024,19.75,55.40
12:31:0 | 9-5-2024,19.76,55.54
12:32:0 | 9-5-2024,19.75,55.24
12:33:0 | 9-5-2024,19.79,55.68
12:34:0 | 9-5-2024,19.78,55.03
12:35:0 | 9-5-2024,19.76,54.90
12:36:0 | 9-5-2024,19.77,55.59
12:37:0 | 9-5-2024,19.77,54.68
12:38:0 | 9-5-2024,19.75,54.68
12:39:0 | 9-5-2024,19.78,54.83
12:40:0 | 9-5-2024,19.80,54.82
12:41:0 | 9-5-2024,19.83,54.35
12:42:0 | 9-5-2024,19.83,54.89
12:43:0 | 9-5-2024,19.84,54.21
12:44:0 | 9-5-2024,19.83,54.30
12:45:0 | 9-5-2024,19.86,54.31
12:46:0 | 9-5-2024,19.86,54.15
12:47:0 | 9-5-2024,19.86,55.09
12:48:0 | 9-5-2024,19.87,54.75
12:49:0 | 9-5-2024,19.86,54.13
12:50:0 | 9-5-2024,19.84,53.75
12:51:0 | 9-5-2024,19.90,53.77
12:52:0 | 9-5-2024,19.89,53.49
12:53:0 | 9-5-2024,19.85,53.35
12:54:0 | 9-5-2024,19.87,53.82
12:55:0 | 9-5-2024,19.85,53.50
12:56:0 | 9-5-2024,19.84,54.16
12:57:0 | 9-5-2024,19.88,53.62
12:58:0 | 9-5-2024,19.87,53.58
12:59:0 | 9-5-2024,19.86,53.54
13:0:0 | 9-5-2024,19.87,53.46
13:1:0 | 9-5-2024,19.87,53.30
13:2:0 | 9-5-2024,19.87,53.26
13:3:0 | 9-5-2024,19.91,53.13
13:4:0 | 9-5-2024,19.90,53.36
13:5:0 | 9-5-2024,19.91,53.17
13:6:0 | 9-5-2024,19.90,53.14
13:7:0 | 9-5-2024,19.92,53.85
13:8:0 | 9-5-2024,19.88,53.22
13:9:0 | 9-5-2024,19.92,54.29
13:10:0 | 9-5-2024,19.92,54.15
13:11:0 | 9-5-2024,19.94,53.54
13:12:0 | 9-5-2024,19.95,53.33
13:13:0 | 9-5-2024,19.95,53.33
13:14:0 | 9-5-2024,19.96,53.38
13:15:0 | 9-5-2024,19.93,53.20
13:16:0 | 9-5-2024,19.95,53.47
13:17:0 | 9-5-2024,19.96,53.26
13:18:0 | 9-5-2024,19.96,53.02
13:19:0 | 9-5-2024,19.99,53.44
13:20:0 | 9-5-2024,19.96,53.23
13:21:0 | 9-5-2024,19.99,52.91
13:22:0 | 9-5-2024,19.98,53.34
13:23:0 | 9-5-2024,20.01,52.64
13:24:0 | 9-5-2024,20.05,53.58
13:25:0 | 9-5-2024,20.06,52.69
13:26:0 | 9-5-2024,20.07,52.78
13:27:0 | 9-5-2024,20.08,52.87
13:28:0 | 9-5-2024,20.08,52.55
13:29:0 | 9-5-2024,20.09,52.54
13:30:0 | 9-5-2024,20.06,52.64
13:31:0 | 9-5-2024,20.04,52.80
13:32:0 | 9-5-2024,20.06,53.04
13:33:0 | 9-5-2024,20.07,52.87
13:34:0 | 9-5-2024,20.09,52.97
13:35:0 | 9-5-2024,20.06,52.81
13:36:0 | 9-5-2024,20.06,53.36
13:37:0 | 9-5-2024,20.07,53.12
13:38:0 | 9-5-2024,20.09,53.12
13:39:0 | 9-5-2024,20.09,53.05
13:40:0 | 9-5-2024,20.13,52.80
13:41:0 | 9-5-2024,20.13,53.05
13:42:0 | 9-5-2024,20.13,52.66
13:43:0 | 9-5-2024,20.16,52.67
13:44:0 | 9-5-2024,20.15,52.79
13:45:0 | 9-5-2024,20.17,52.53
13:46:0 | 9-5-2024,20.20,53.49
13:47:0 | 9-5-2024,20.22,52.47
13:48:0 | 9-5-2024,20.24,52.66
13:49:0 | 9-5-2024,20.18,52.78
13:50:0 | 9-5-2024,20.17,52.74
13:51:0 | 9-5-2024,20.21,52.12
13:52:0 | 9-5-2024,20.21,52.31
13:53:0 | 9-5-2024,20.23,52.32
13:54:0 | 9-5-2024,20.23,52.54
13:55:0 | 9-5-2024,20.23,52.41
13:56:0 | 9-5-2024,20.23,53.21
13:57:0 | 9-5-2024,20.30,52.91
13:58:0 | 9-5-2024,20.30,52.82
13:59:0 | 9-5-2024,20.30,52.12
14:0:0 | 9-5-2024,20.30,51.99
14:1:0 | 9-5-2024,20.32,51.17
14:2:0 | 9-5-2024,20.32,51.70
14:3:0 | 9-5-2024,20.33,51.44
14:4:0 | 9-5-2024,20.34,51.31
14:5:0 | 9-5-2024,20.34,51.60
14:6:0 | 9-5-2024,20.35,51.93
14:7:0 | 9-5-2024,20.32,52.15
14:8:0 | 9-5-2024,20.37,52.68
14:9:0 | 9-5-2024,20.33,51.84
14:10:0 | 9-5-2024,20.38,51.44
14:11:0 | 9-5-2024,20.38,51.77
14:12:0 | 9-5-2024,20.38,52.24
14:13:0 | 9-5-2024,20.40,52.14
14:14:0 | 9-5-2024,20.42,51.56
14:15:0 | 9-5-2024,20.43,51.35
14:16:0 | 9-5-2024,20.41,51.23
14:17:0 | 9-5-2024,20.42,51.51
14:18:0 | 9-5-2024,20.42,51.45
14:19:0 | 9-5-2024,20.41,51.18
14:20:0 | 9-5-2024,20.41,51.05
14:21:0 | 9-5-2024,20.39,51.43
14:22:0 | 9-5-2024,20.37,51.68
14:23:0 | 9-5-2024,20.41,51.72
14:24:0 | 9-5-2024,20.39,51.89
14:25:0 | 9-5-2024,20.41,51.87
14:26:0 | 9-5-2024,20.40,51.85
14:27:0 | 9-5-2024,20.41,51.83
14:28:0 | 9-5-2024,20.41,51.93
14:29:0 | 9-5-2024,20.41,51.83
14:30:0 | 9-5-2024,20.41,51.65
14:31:0 | 9-5-2024,20.40,51.79
14:32:0 | 9-5-2024,20.42,51.64
14:33:0 | 9-5-2024,20.45,51.56
14:34:0 | 9-5-2024,20.46,51.50
14:35:0 | 9-5-2024,20.46,51.42
14:36:0 | 9-5-2024,20.45,51.56
14:37:0 | 9-5-2024,20.44,51.93
14:38:0 | 9-5-2024,20.43,51.50
14:39:0 | 9-5-2024,20.45,51.21
14:40:0 | 9-5-2024,20.45,51.03
14:41:0 | 9-5-2024,20.44,51.15
14:42:0 | 9-5-2024,20.46,51.07
14:43:0 | 9-5-2024,20.42,51.13
14:44:0 | 9-5-2024,20.42,51.02
14:45:0 | 9-5-2024,20.41,51.42
14:46:0 | 9-5-2024,20.42,51.33
14:47:0 | 9-5-2024,20.45,51.40
14:48:0 | 9-5-2024,20.42,51.23
14:53:32 | 9-5-2024,20.30,52.25
14:54:0 | 9-5-2024,20.30,51.61
14:55:0 | 9-5-2024,20.33,51.80
14:56:0 | 9-5-2024,20.34,51.30
14:57:0 | 9-5-2024,20.33,51.34
14:58:0 | 9-5-2024,20.29,51.47
14:59:0 | 9-5-2024,20.31,51.63
15:0:0 | 9-5-2024,20.36,51.57
15:1:0 | 9-5-2024,20.38,51.73
15:2:0 | 9-5-2024,20.38,51.80
15:3:0 | 9-5-2024,20.40,51.39
15:4:0 | 9-5-2024,20.43,51.36
15:5:0 | 9-5-2024,20.41,51.50
15:6:0 | 9-5-2024,20.45,51.49
15:7:0 | 9-5-2024,20.45,51.43
15:8:0 | 9-5-2024,20.47,51.46
15:9:0 | 9-5-2024,20.46,51.37
15:10:0 | 9-5-2024,20.48,51.31
15:11:0 | 9-5-2024,20.49,51.52
15:12:0 | 9-5-2024,20.49,51.31
15:13:0 | 9-5-2024,20.50,51.41
15:14:0 | 9-5-2024,20.49,51.19
15:15:0 | 9-5-2024,20.48,51.23
15:16:0 | 9-5-2024,20.48,51.42
15:17:0 | 9-5-2024,20.50,51.51
15:18:0 | 9-5-2024,20.51,51.30
15:19:0 | 9-5-2024,20.48,51.23
15:20:0 | 9-5-2024,20.48,51.24
15:21:0 | 9-5-2024,20.44,51.20
15:22:0 | 9-5-2024,20.42,51.07
15:23:0 | 9-5-2024,20.37,51.31
15:24:0 | 9-5-2024,20.42,51.68
15:25:0 | 9-5-2024,20.45,51.68
15:26:0 | 9-5-2024,20.48,51.47
15:27:0 | 9-5-2024,20.47,51.35
15:28:0 | 9-5-2024,20.46,51.48
15:29:0 | 9-5-2024,20.46,51.49
15:30:0 | 9-5-2024,20.43,51.92
15:31:0 | 9-5-2024,20.45,51.55
15:32:0 | 9-5-2024,20.51,51.86
15:33:0 | 9-5-2024,20.47,51.11
15:34:0 | 9-5-2024,20.45,51.15
15:35:0 | 9-5-2024,20.40,51.26
15:36:0 | 9-5-2024,20.41,51.34
15:37:0 | 9-5-2024,20.41,51.46
15:38:0 | 9-5-2024,20.43,51.60
15:39:0 | 9-5-2024,20.42,51.66
15:40:0 | 9-5-2024,20.42,51.36
15:41:0 | 9-5-2024,20.42,51.52
15:42:0 | 9-5-2024,20.43,51.51
15:43:0 | 9-5-2024,20.45,51.44
15:44:0 | 9-5-2024,20.42,51.38
15:45:0 | 9-5-2024,20.43,51.16
15:46:0 | 9-5-2024,20.42,50.96
15:47:0 | 9-5-2024,20.38,51.18
15:48:0 | 9-5-2024,20.38,51.80
15:49:0 | 9-5-2024,20.39,51.64
15:50:0 | 9-5-2024,20.40,51.95
15:51:0 | 9-5-2024,20.40,51.47
15:52:0 | 9-5-2024,20.37,51.91
15:53:0 | 9-5-2024,20.33,51.94
15:54:0 | 9-5-2024,20.30,51.45
15:55:0 | 9-5-2024,20.26,51.77
15:56:0 | 9-5-2024,20.22,52.00
15:57:0 | 9-5-2024,20.23,52.08
15:58:0 | 9-5-2024,20.20,52.13
15:59:0 | 9-5-2024,20.18,52.29
16:0:0 | 9-5-2024,20.19,52.63
16:1:0 | 9-5-2024,20.18,52.17
16:2:0 | 9-5-2024,20.18,52.40
16:3:0 | 9-5-2024,20.15,52.27
16:4:0 | 9-5-2024,20.17,53.35
16:5:0 | 9-5-2024,20.16,52.26
16:6:0 | 9-5-2024,20.11,52.32
16:7:0 | 9-5-2024,20.11,52.43
16:8:0 | 9-5-2024,20.12,52.51
16:9:0 | 9-5-2024,20.10,52.47
16:10:0 | 9-5-2024,20.08,52.41
16:11:0 | 9-5-2024,20.03,52.56
16:12:0 | 9-5-2024,20.06,52.62
16:12:59 | 9-5-2024,20.05,52.74
16:14:0 | 9-5-2024,20.07,52.91
16:15:0 | 9-5-2024,20.03,52.87
16:16:0 | 9-5-2024,20.03,52.87
16:16:59 | 9-5-2024,20.04,52.88
16:18:0 | 9-5-2024,20.01,52.89
16:19:0 | 9-5-2024,20.00,53.10
16:20:0 | 9-5-2024,20.01,53.39
16:20:59 | 9-5-2024,19.99,53.30
16:22:0 | 9-5-2024,19.98,53.43
16:23:0 | 9-5-2024,19.99,53.29
16:24:0 | 9-5-2024,19.98,53.26
16:24:59 | 9-5-2024,19.98,53.26
16:26:0 | 9-5-2024,19.97,53.26
16:27:0 | 9-5-2024,19.95,53.33
16:28:0 | 9-5-2024,19.94,53.37
16:28:59 | 9-5-2024,19.93,53.60
16:30:0 | 9-5-2024,19.92,53.55
16:31:0 | 9-5-2024,19.94,54.19
16:32:0 | 9-5-2024,19.94,53.43
16:32:59 | 9-5-2024,19.93,53.44
16:34:0 | 9-5-2024,19.94,53.58
16:35:0 | 9-5-2024,19.94,53.64
16:36:0 | 9-5-2024,19.90,53.50
16:36:59 | 9-5-2024,19.89,53.32
16:38:0 | 9-5-2024,19.86,53.76
16:39:0 | 9-5-2024,19.86,53.85
16:39:59 | 9-5-2024,19.83,53.81
16:41:0 | 9-5-2024,19.85,53.84
16:42:0 | 9-5-2024,19.84,53.89
16:43:0 | 9-5-2024,19.82,53.83
16:43:59 | 9-5-2024,19.83,53.91
16:45:0 | 9-5-2024,19.88,54.01
16:46:0 | 9-5-2024,19.86,53.78
16:47:0 | 9-5-2024,19.81,54.20
16:47:59 | 9-5-2024,19.85,54.42
16:49:0 | 9-5-2024,19.82,54.01
16:50:0 | 9-5-2024,19.80,53.99
16:50:59 | 9-5-2024,19.76,54.27
16:51:59 | 9-5-2024,19.79,54.59
16:53:0 | 9-5-2024,19.80,54.17
16:54:0 | 9-5-2024,19.79,54.62
16:54:59 | 9-5-2024,19.81,54.23
16:56:0 | 9-5-2024,19.81,54.70
16:57:0 | 9-5-2024,19.79,54.49
16:58:0 | 9-5-2024,19.79,54.54
16:58:59 | 9-5-2024,19.77,54.24
17:0:0 | 9-5-2024,19.76,54.28
17:1:0 | 9-5-2024,19.75,54.34
17:1:59 | 9-5-2024,19.75,54.59
17:2:59 | 9-5-2024,19.76,54.55
17:4:0 | 9-5-2024,19.78,54.50
17:5:0 | 9-5-2024,19.70,54.52
17:5:59 | 9-5-2024,19.71,54.92
17:7:0 | 9-5-2024,19.69,54.45
17:8:0 | 9-5-2024,19.66,54.77
17:8:59 | 9-5-2024,19.66,54.72
17:9:59 | 9-5-2024,19.64,54.86
17:11:0 | 9-5-2024,19.65,54.93
17:11:59 | 9-5-2024,19.64,54.93
17:12:59 | 9-5-2024,19.61,55.17
17:14:0 | 9-5-2024,19.64,54.93
17:15:0 | 9-5-2024,19.64,54.92
17:15:59 | 9-5-2024,19.61,54.91
17:17:0 | 9-5-2024,19.60,55.21
17:18:0 | 9-5-2024,19.63,55.23
17:18:59 | 9-5-2024,19.65,55.21
17:20:0 | 9-5-2024,19.61,54.72
17:21:0 | 9-5-2024,19.55,54.92
17:21:59 | 9-5-2024,19.54,55.00
17:23:0 | 9-5-2024,19.50,55.09
17:24:0 | 9-5-2024,19.46,55.18
17:24:59 | 9-5-2024,19.41,55.50
17:26:0 | 9-5-2024,19.41,55.44
17:26:59 | 9-5-2024,19.43,55.48
17:27:59 | 9-5-2024,19.38,55.42
17:29:0 | 9-5-2024,19.35,55.44
17:29:59 | 9-5-2024,19.31,55.57
17:31:0 | 9-5-2024,19.28,55.48
17:31:59 | 9-5-2024,19.28,55.62
17:32:59 | 9-5-2024,19.27,56.40
17:33:59 | 9-5-2024,19.27,55.54
17:35:0 | 9-5-2024,19.24,55.60
17:35:59 | 9-5-2024,19.19,55.75
17:37:0 | 9-5-2024,19.17,55.90
17:37:59 | 9-5-2024,19.17,55.99
17:39:0 | 9-5-2024,19.12,56.03
17:39:59 | 9-5-2024,19.10,56.20
17:40:59 | 9-5-2024,19.11,56.10
17:41:59 | 9-5-2024,19.11,56.28
17:42:59 | 9-5-2024,19.13,56.21
17:44:0 | 9-5-2024,19.10,56.23
17:44:59 | 9-5-2024,19.09,56.26
17:46:0 | 9-5-2024,19.09,56.45
17:46:59 | 9-5-2024,19.07,56.57
17:48:0 | 9-5-2024,19.10,56.39
17:48:59 | 9-5-2024,19.08,56.28
17:50:0 | 9-5-2024,19.08,56.37
17:50:59 | 9-5-2024,19.09,56.28
17:52:0 | 9-5-2024,19.12,56.19
17:52:59 | 9-5-2024,19.14,56.30
17:53:59 | 9-5-2024,19.09,56.32
17:54:59 | 9-5-2024,19.11,56.51
17:55:59 | 9-5-2024,19.17,56.18
17:56:59 | 9-5-2024,19.19,56.20
17:57:59 | 9-5-2024,19.20,56.12
17:59:0 | 9-5-2024,19.20,56.14
17:59:59 | 9-5-2024,19.15,56.20
18:1:0 | 9-5-2024,19.22,56.31
18:1:59 | 9-5-2024,19.20,56.03
18:3:0 | 9-5-2024,19.20,56.01
18:3:59 | 9-5-2024,19.20,55.84
18:4:59 | 9-5-2024,19.25,55.76
18:5:59 | 9-5-2024,19.23,55.68
18:6:59 | 9-5-2024,19.26,55.55
18:7:59 | 9-5-2024,19.25,55.54
18:8:59 | 9-5-2024,19.25,55.52
18:9:59 | 9-5-2024,19.24,55.63
18:10:59 | 9-5-2024,19.22,55.74
18:12:0 | 9-5-2024,19.22,55.73
18:12:59 | 9-5-2024,19.19,55.76
18:14:0 | 9-5-2024,19.21,55.83
18:14:59 | 9-5-2024,19.19,55.70
18:16:0 | 9-5-2024,19.22,55.65
18:16:59 | 9-5-2024,19.23,55.59
18:17:59 | 9-5-2024,19.25,55.56
18:18:59 | 9-5-2024,19.29,55.37
18:19:59 | 9-5-2024,19.29,55.22
18:20:59 | 9-5-2024,19.35,55.34
18:21:59 | 9-5-2024,19.39,55.11
18:22:59 | 9-5-2024,19.34,55.18
18:23:59 | 9-5-2024,19.30,55.28
18:24:59 | 9-5-2024,19.29,55.53
18:25:59 | 9-5-2024,19.27,55.77
18:26:59 | 9-5-2024,19.27,55.93
18:27:59 | 9-5-2024,19.27,55.92
18:28:59 | 9-5-2024,19.29,55.93
18:29:59 | 9-5-2024,19.29,56.04
18:30:59 | 9-5-2024,19.41,56.39
18:31:59 | 9-5-2024,19.65,56.05
18:32:59 | 9-5-2024,19.83,55.76
18:33:59 | 9-5-2024,20.00,55.55
18:34:59 | 9-5-2024,20.17,55.14
18:35:59 | 9-5-2024,20.28,54.81
18:36:59 | 9-5-2024,20.37,54.47
18:37:59 | 9-5-2024,20.48,54.22
18:38:59 | 9-5-2024,20.50,54.18
18:39:59 | 9-5-2024,20.55,53.98
18:40:59 | 9-5-2024,20.58,53.84
18:41:59 | 9-5-2024,20.67,53.77
18:42:59 | 9-5-2024,20.72,53.79
18:43:59 | 9-5-2024,20.65,53.81
18:44:59 | 9-5-2024,20.75,53.90
18:45:59 | 9-5-2024,20.77,53.83
18:46:59 | 9-5-2024,20.89,53.49
18:47:59 | 9-5-2024,20.79,53.59
18:48:59 | 9-5-2024,20.55,54.22
18:49:59 | 9-5-2024,20.40,54.59
18:50:59 | 9-5-2024,20.25,54.73
18:51:59 | 9-5-2024,20.13,55.37
18:52:59 | 9-5-2024,20.06,55.75
18:53:59 | 9-5-2024,19.91,56.09
18:54:59 | 9-5-2024,19.83,56.55
18:55:59 | 9-5-2024,19.74,56.80
18:56:59 | 9-5-2024,19.63,57.39
18:57:59 | 9-5-2024,19.56,57.61
18:58:59 | 9-5-2024,19.49,57.86
18:59:59 | 9-5-2024,19.36,58.41
19:0:59 | 9-5-2024,19.33,58.79
19:1:59 | 9-5-2024,19.36,58.88
19:2:59 | 9-5-2024,19.31,58.78
19:3:59 | 9-5-2024,19.27,58.93
19:4:59 | 9-5-2024,19.28,59.28
19:5:59 | 9-5-2024,19.23,59.13
19:6:59 | 9-5-2024,19.26,59.24
19:7:59 | 9-5-2024,19.29,59.70
19:8:59 | 9-5-2024,19.36,59.30
19:9:59 | 9-5-2024,19.44,58.71
19:10:59 | 9-5-2024,19.39,58.72
19:11:59 | 9-5-2024,19.30,58.70
19:12:59 | 9-5-2024,19.15,58.84
19:13:59 | 9-5-2024,19.11,59.25
19:14:59 | 9-5-2024,19.09,59.41
19:15:59 | 9-5-2024,19.05,59.78
19:16:59 | 9-5-2024,19.10,59.48
19:17:59 | 9-5-2024,19.03,59.53
19:18:59 | 9-5-2024,19.05,59.72
19:19:59 | 9-5-2024,19.06,59.84
19:20:59 | 9-5-2024,19.07,59.61
19:21:59 | 9-5-2024,19.05,59.98
19:22:59 | 9-5-2024,19.04,59.87
19:23:59 | 9-5-2024,19.07,59.86
19:24:59 | 9-5-2024,19.07,59.99
19:25:59 | 9-5-2024,19.07,59.87
19:26:59 | 9-5-2024,19.03,60.08
19:27:59 | 9-5-2024,19.07,60.06
19:28:59 | 9-5-2024,19.09,60.13
19:29:59 | 9-5-2024,19.11,60.10
19:30:59 | 9-5-2024,19.17,60.07
19:31:59 | 9-5-2024,19.19,59.81
19:32:59 | 9-5-2024,19.22,59.86
19:33:59 | 9-5-2024,19.24,59.94
19:34:59 | 9-5-2024,19.24,59.68
19:35:59 | 9-5-2024,19.26,59.75
19:36:59 | 9-5-2024,19.30,59.64
19:37:59 | 9-5-2024,19.33,59.77
19:38:59 | 9-5-2024,19.31,59.58
19:39:59 | 9-5-2024,19.40,59.44
19:40:59 | 9-5-2024,19.42,59.91
19:41:59 | 9-5-2024,19.38,59.66
19:42:59 | 9-5-2024,19.38,59.63
19:43:59 | 9-5-2024,19.43,59.59
19:44:59 | 9-5-2024,19.57,59.23
19:45:59 | 9-5-2024,19.50,59.29
19:46:59 | 9-5-2024,19.48,59.30
19:47:59 | 9-5-2024,19.47,59.31
19:48:59 | 9-5-2024,19.42,59.56
19:49:59 | 9-5-2024,19.32,59.71
19:50:59 | 9-5-2024,19.31,59.89
19:51:59 | 9-5-2024,19.36,60.12
19:52:59 | 9-5-2024,19.52,59.66
19:53:59 | 9-5-2024,19.78,59.20
19:54:59 | 9-5-2024,19.84,58.40
19:55:59 | 9-5-2024,20.10,57.93
19:56:59 | 9-5-2024,20.24,57.31
19:57:59 | 9-5-2024,20.31,57.13
19:58:59 | 9-5-2024,20.33,57.24
19:59:59 | 9-5-2024,20.43,56.84
20:0:59 | 9-5-2024,20.41,56.63
20:1:59 | 9-5-2024,20.38,56.69
20:2:59 | 9-5-2024,20.45,56.80
20:3:59 | 9-5-2024,20.44,56.88
20:4:59 | 9-5-2024,20.56,56.55
20:5:59 | 9-5-2024,20.55,56.26
20:6:59 | 9-5-2024,20.50,56.46
20:7:59 | 9-5-2024,20.52,56.62
20:8:59 | 9-5-2024,20.70,56.25
20:9:59 | 9-5-2024,20.70,56.09
20:10:59 | 9-5-2024,20.65,56.05
20:11:59 | 9-5-2024,20.60,56.48
20:12:59 | 9-5-2024,20.71,56.27
20:13:59 | 9-5-2024,20.79,56.00
20:14:59 | 9-5-2024,20.80,55.82
20:15:59 | 9-5-2024,20.72,55.87
20:16:59 | 9-5-2024,20.82,55.75
20:17:59 | 9-5-2024,20.88,55.58
20:18:59 | 9-5-2024,20.80,55.70
20:19:59 | 9-5-2024,20.79,55.62
20:20:59 | 9-5-2024,20.56,56.01
20:21:59 | 9-5-2024,20.41,56.42
20:22:59 | 9-5-2024,20.49,56.24
20:23:59 | 9-5-2024,20.54,56.08
20:24:59 | 9-5-2024,20.35,56.41
20:25:59 | 9-5-2024,20.38,56.38
20:26:59 | 9-5-2024,20.37,56.27
20:27:59 | 9-5-2024,20.51,55.69
20:28:59 | 9-5-2024,20.56,55.34
20:29:59 | 9-5-2024,20.32,55.44
20:30:59 | 9-5-2024,20.39,55.45
20:31:59 | 9-5-2024,20.44,54.93
20:32:59 | 9-5-2024,20.26,54.80
20:33:59 | 9-5-2024,20.03,55.25
20:34:59 | 9-5-2024,19.97,56.17
20:35:59 | 9-5-2024,20.06,56.51
20:36:59 | 9-5-2024,19.94,57.14
20:37:59 | 9-5-2024,19.85,57.69
20:38:59 | 9-5-2024,19.95,57.49
20:39:59 | 9-5-2024,19.77,57.96
20:40:59 | 9-5-2024,19.84,58.05
20:41:59 | 9-5-2024,19.76,58.12
20:42:59 | 9-5-2024,19.68,58.29
20:43:59 | 9-5-2024,19.76,57.41
20:44:59 | 9-5-2024,19.71,56.77
20:45:59 | 9-5-2024,19.67,56.72
20:46:59 | 9-5-2024,19.80,56.62
20:47:59 | 9-5-2024,19.92,56.29
20:48:59 | 9-5-2024,19.77,56.53
20:49:59 | 9-5-2024,19.63,56.73
20:50:59 | 9-5-2024,19.51,57.36
20:51:59 | 9-5-2024,19.41,57.76
20:52:59 | 9-5-2024,19.37,58.07
20:53:59 | 9-5-2024,19.32,58.14
20:54:59 | 9-5-2024,19.27,58.75
20:55:59 | 9-5-2024,19.22,59.01
20:56:59 | 9-5-2024,19.18,59.31
20:57:59 | 9-5-2024,19.14,59.42
20:58:59 | 9-5-2024,19.05,59.80
20:59:59 | 9-5-2024,19.03,59.88
21:0:59 | 9-5-2024,19.04,60.08
21:1:59 | 9-5-2024,19.17,59.63
21:2:59 | 9-5-2024,19.31,59.23
21:3:59 | 9-5-2024,19.38,58.63
21:4:59 | 9-5-2024,19.41,57.58
21:5:59 | 9-5-2024,19.40,56.86
21:6:59 | 9-5-2024,19.35,56.45
21:7:59 | 9-5-2024,19.30,56.25
21:8:59 | 9-5-2024,19.24,56.65
21:9:59 | 9-5-2024,19.12,56.77
21:10:59 | 9-5-2024,19.14,57.24
21:11:59 | 9-5-2024,19.13,56.92
21:12:59 | 9-5-2024,19.10,57.18
21:13:59 | 9-5-2024,19.13,56.44
21:14:59 | 9-5-2024,19.05,56.45
21:15:59 | 9-5-2024,18.98,56.67
21:16:59 | 9-5-2024,18.92,56.62
21:17:59 | 9-5-2024,18.84,57.14
21:18:59 | 9-5-2024,18.80,57.39
21:19:59 | 9-5-2024,18.75,57.75
21:20:59 | 9-5-2024,18.71,58.36
21:21:59 | 9-5-2024,18.67,58.64
21:22:59 | 9-5-2024,18.65,58.89
21:23:59 | 9-5-2024,18.64,59.31
21:24:59 | 9-5-2024,18.65,59.30
21:25:59 | 9-5-2024,18.65,59.66
21:26:59 | 9-5-2024,18.64,59.75
21:27:59 | 9-5-2024,18.60,59.70
21:28:59 | 9-5-2024,18.60,60.10
21:29:59 | 9-5-2024,18.62,60.68
21:30:59 | 9-5-2024,18.65,60.81
21:31:59 | 9-5-2024,18.65,61.03
21:32:59 | 9-5-2024,18.64,61.08
21:33:59 | 9-5-2024,18.62,61.38
21:34:59 | 9-5-2024,18.61,60.00
21:35:59 | 9-5-2024,18.59,59.66
21:36:59 | 9-5-2024,18.54,59.91
21:37:59 | 9-5-2024,18.53,60.40
21:38:59 | 9-5-2024,18.51,60.64
21:39:59 | 9-5-2024,18.50,60.75
21:40:59 | 9-5-2024,18.56,61.97
21:41:59 | 9-5-2024,18.59,62.35
21:42:59 | 9-5-2024,18.71,62.41
21:43:59 | 9-5-2024,18.77,62.28
21:44:59 | 9-5-2024,18.78,62.33
21:45:59 | 9-5-2024,18.86,62.19
21:46:59 | 9-5-2024,18.87,62.20
21:47:59 | 9-5-2024,18.89,62.06
21:48:59 | 9-5-2024,18.96,62.18
21:49:59 | 9-5-2024,18.98,62.05
21:50:59 | 9-5-2024,18.93,62.05
21:51:59 | 9-5-2024,18.94,62.45
21:52:59 | 9-5-2024,18.90,62.51
21:53:59 | 9-5-2024,18.82,62.73
21:54:59 | 9-5-2024,18.85,63.01
21:55:59 | 9-5-2024,18.84,63.19
21:56:59 | 9-5-2024,18.80,63.18
21:57:59 | 9-5-2024,18.71,63.44
21:58:59 | 9-5-2024,18.62,63.75
21:59:59 | 9-5-2024,18.53,64.15
22:0:59 | 9-5-2024,18.48,64.46
22:1:59 | 9-5-2024,18.42,64.80
22:2:59 | 9-5-2024,18.45,65.21
22:3:59 | 9-5-2024,18.54,65.26
22:4:59 | 9-5-2024,18.58,65.10
22:5:59 | 9-5-2024,18.55,64.99
22:6:59 | 9-5-2024,18.61,64.88
22:7:59 | 9-5-2024,18.63,64.80
22:8:59 | 9-5-2024,18.64,64.60
22:9:59 | 9-5-2024,18.77,64.52
22:10:59 | 9-5-2024,18.91,64.23
22:11:59 | 9-5-2024,18.89,63.81
22:12:59 | 9-5-2024,18.90,63.74
22:13:59 | 9-5-2024,18.96,63.77
22:14:59 | 9-5-2024,18.94,63.48
22:15:59 | 9-5-2024,18.85,63.36
22:16:59 | 9-5-2024,18.82,63.43
22:17:59 | 9-5-2024,18.83,63.53
22:18:59 | 9-5-2024,18.83,63.60
22:19:59 | 9-5-2024,18.82,63.54
22:20:59 | 9-5-2024,18.91,63.54
22:21:59 | 9-5-2024,18.84,63.11
22:22:59 | 9-5-2024,18.83,63.27
22:23:59 | 9-5-2024,18.85,63.34
22:24:59 | 9-5-2024,18.84,63.11
22:25:59 | 9-5-2024,18.83,63.20
22:26:59 | 9-5-2024,18.97,63.23
22:27:59 | 9-5-2024,18.90,62.82
22:28:59 | 9-5-2024,18.90,62.93
22:29:59 | 9-5-2024,18.94,62.91
22:30:59 | 9-5-2024,18.78,62.83
22:31:59 | 9-5-2024,18.77,63.09
22:32:59 | 9-5-2024,18.73,63.21
22:33:59 | 9-5-2024,18.66,63.34
22:34:59 | 9-5-2024,18.71,63.74
22:35:59 | 9-5-2024,18.71,63.52
22:36:59 | 9-5-2024,18.79,63.52
22:37:59 | 9-5-2024,18.83,63.01
22:38:59 | 9-5-2024,18.84,62.90
22:39:59 | 9-5-2024,18.79,62.71
22:40:59 | 9-5-2024,18.78,62.76
22:41:59 | 9-5-2024,18.67,62.75
22:42:59 | 9-5-2024,18.68,62.79
22:43:59 | 9-5-2024,18.65,62.81
22:44:59 | 9-5-2024,18.56,62.90
22:45:59 | 9-5-2024,18.59,63.11
22:46:59 | 9-5-2024,18.57,62.88
22:47:59 | 9-5-2024,18.54,63.09
22:48:59 | 9-5-2024,18.53,62.92
22:49:59 | 9-5-2024,18.51,63.09
22:50:59 | 9-5-2024,18.53,63.05
22:51:59 | 9-5-2024,18.53,63.06
22:52:59 | 9-5-2024,18.56,62.96
22:53:59 | 9-5-2024,18.54,62.79
22:54:59 | 9-5-2024,18.56,62.72
22:55:59 | 9-5-2024,18.56,62.94
22:56:59 | 9-5-2024,18.76,62.80
22:57:59 | 9-5-2024,18.73,62.19
22:58:59 | 9-5-2024,18.71,61.86
22:59:59 | 9-5-2024,18.75,61.73
23:0:59 | 9-5-2024,18.74,61.74
23:1:59 | 9-5-2024,18.76,61.88
23:2:59 | 9-5-2024,18.77,61.49
23:3:59 | 9-5-2024,18.74,61.39
23:4:59 | 9-5-2024,18.78,61.36
23:5:59 | 9-5-2024,18.72,61.39
23:6:59 | 9-5-2024,18.70,61.43
23:7:59 | 9-5-2024,18.70,61.69
23:8:59 | 9-5-2024,18.68,61.38
23:9:59 | 9-5-2024,18.70,61.94
23:10:59 | 9-5-2024,18.72,61.64
23:11:59 | 9-5-2024,18.73,61.74
23:12:59 | 9-5-2024,18.76,61.48
23:13:59 | 9-5-2024,18.81,61.56
23:14:59 | 9-5-2024,18.83,61.30
23:15:59 | 9-5-2024,18.83,61.35
23:16:59 | 9-5-2024,18.83,61.52
23:17:59 | 9-5-2024,18.88,61.18
23:18:59 | 9-5-2024,18.85,60.96
23:19:59 | 9-5-2024,18.82,60.78
23:20:59 | 9-5-2024,18.79,60.82
23:21:59 | 9-5-2024,18.78,61.01
23:22:59 | 9-5-2024,18.77,61.03
23:23:59 | 9-5-2024,18.76,60.86
23:24:59 | 9-5-2024,18.73,60.78
23:25:59 | 9-5-2024,18.78,61.52
23:26:59 | 9-5-2024,18.77,60.97
23:27:59 | 9-5-2024,18.78,60.89
23:28:59 | 9-5-2024,18.81,60.95
23:29:59 | 9-5-2024,18.85,61.08
23:30:59 | 9-5-2024,18.93,60.78
23:31:59 | 9-5-2024,18.94,60.56
23:32:59 | 9-5-2024,19.00,60.61
23:33:59 | 9-5-2024,18.98,60.08
23:34:59 | 9-5-2024,18.97,60.28
23:35:59 | 9-5-2024,18.99,60.46
23:36:59 | 9-5-2024,19.02,60.62
23:37:59 | 9-5-2024,19.00,60.27
23:38:59 | 9-5-2024,18.98,60.47
23:39:59 | 9-5-2024,18.96,60.51
23:40:59 | 9-5-2024,18.97,60.47
23:41:59 | 9-5-2024,18.93,60.62
23:42:59 | 9-5-2024,18.89,60.64
23:43:59 | 9-5-2024,18.87,60.91
23:44:59 | 9-5-2024,18.89,60.83
23:45:59 | 9-5-2024,18.87,60.71
23:46:59 | 9-5-2024,18.89,60.45
23:47:59 | 9-5-2024,18.87,60.29
23:48:59 | 9-5-2024,18.86,60.17
23:49:59 | 9-5-2024,18.85,60.17
23:50:59 | 9-5-2024,18.87,60.19
23:51:59 | 9-5-2024,18.92,59.74
23:52:59 | 9-5-2024,18.87,59.37
23:53:59 | 9-5-2024,18.75,59.36
23:54:59 | 9-5-2024,18.67,59.48
23:55:59 | 9-5-2024,18.61,59.70
23:56:59 | 9-5-2024,18.53,60.04
23:57:59 | 9-5-2024,18.52,60.25
23:58:59 | 9-5-2024,18.45,60.03
23:59:59 | 9-5-2024,18.46,60.59
0:0:59 | 10-5-2024,18.49,60.23
0:1:59 | 10-5-2024,18.51,60.20
0:2:59 | 10-5-2024,18.57,60.18
0:3:59 | 10-5-2024,18.64,59.89
0:4:59 | 10-5-2024,18.65,59.51
0:5:59 | 10-5-2024,18.68,59.98
0:6:59 | 10-5-2024,18.70,59.77
0:7:59 | 10-5-2024,18.74,59.31
0:8:59 | 10-5-2024,18.69,59.28
0:9:59 | 10-5-2024,18.65,59.29
0:10:59 | 10-5-2024,18.67,59.16
0:11:59 | 10-5-2024,18.72,59.49
0:12:59 | 10-5-2024,18.69,59.19
0:13:59 | 10-5-2024,18.64,59.05
0:14:59 | 10-5-2024,18.63,59.10
0:15:59 | 10-5-2024,18.58,59.30
0:16:59 | 10-5-2024,18.54,59.22
0:17:59 | 10-5-2024,18.53,59.75
0:18:59 | 10-5-2024,18.52,59.57
0:19:59 | 10-5-2024,18.49,59.52
0:20:59 | 10-5-2024,18.50,59.72
0:21:59 | 10-5-2024,18.51,59.61
0:22:59 | 10-5-2024,18.49,59.50
0:23:59 | 10-5-2024,18.48,59.63
0:24:59 | 10-5-2024,18.47,59.60
0:25:59 | 10-5-2024,18.46,59.54
0:26:59 | 10-5-2024,18.45,59.62
0:27:59 | 10-5-2024,18.49,59.44
0:28:59 | 10-5-2024,18.51,59.32
0:29:59 | 10-5-2024,18.54,59.46
0:30:59 | 10-5-2024,18.51,59.27
0:31:59 | 10-5-2024,18.58,59.82
0:32:59 | 10-5-2024,18.65,59.58
0:33:59 | 10-5-2024,18.63,59.46
0:34:59 | 10-5-2024,18.59,59.09
0:35:59 | 10-5-2024,18.60,59.38
0:36:59 | 10-5-2024,18.55,59.26
0:37:59 | 10-5-2024,18.54,59.60
0:38:59 | 10-5-2024,18.50,59.48
0:39:59 | 10-5-2024,18.51,59.59
0:40:59 | 10-5-2024,18.50,59.70
0:41:59 | 10-5-2024,18.48,59.43
0:42:59 | 10-5-2024,18.48,59.78
0:43:59 | 10-5-2024,18.45,59.75
0:44:59 | 10-5-2024,18.41,59.62
0:45:59 | 10-5-2024,18.37,59.57
0:46:59 | 10-5-2024,18.32,59.64
0:47:59 | 10-5-2024,18.29,59.95
0:48:59 | 10-5-2024,18.23,59.93
0:49:59 | 10-5-2024,18.19,60.00
0:50:59 | 10-5-2024,18.20,60.16
0:51:59 | 10-5-2024,18.24,60.10
0:52:59 | 10-5-2024,18.22,60.30
0:53:59 | 10-5-2024,18.23,60.33
0:54:59 | 10-5-2024,18.26,60.22
0:55:59 | 10-5-2024,18.19,60.26
0:56:59 | 10-5-2024,18.17,60.50
0:57:59 | 10-5-2024,18.29,61.01
0:58:59 | 10-5-2024,18.33,60.28
0:59:59 | 10-5-2024,18.34,60.28
1:0:59 | 10-5-2024,18.33,60.25
1:1:59 | 10-5-2024,18.34,60.25
1:2:59 | 10-5-2024,18.35,60.17
1:3:59 | 10-5-2024,18.41,60.55
1:4:59 | 10-5-2024,18.45,59.99
1:5:59 | 10-5-2024,18.43,59.95
1:6:59 | 10-5-2024,18.55,60.58
1:7:59 | 10-5-2024,18.55,59.69
1:8:59 | 10-5-2024,18.53,59.60
1:9:59 | 10-5-2024,18.59,59.89
1:10:59 | 10-5-2024,18.52,59.53
1:11:59 | 10-5-2024,18.46,59.56
1:12:59 | 10-5-2024,18.42,59.74
1:13:59 | 10-5-2024,18.53,59.78
1:14:59 | 10-5-2024,18.47,59.55
1:15:59 | 10-5-2024,18.41,59.63
1:16:59 | 10-5-2024,18.35,59.96
1:17:59 | 10-5-2024,18.42,60.04
1:18:59 | 10-5-2024,18.39,59.80
1:19:59 | 10-5-2024,18.38,59.94
1:20:59 | 10-5-2024,18.37,60.28
1:21:59 | 10-5-2024,18.44,60.10
1:22:59 | 10-5-2024,18.45,60.11
1:23:59 | 10-5-2024,18.53,59.97
1:24:59 | 10-5-2024,18.58,59.92
1:25:59 | 10-5-2024,18.62,59.65
1:26:59 | 10-5-2024,18.64,59.56
1:27:59 | 10-5-2024,18.69,59.36
1:28:59 | 10-5-2024,18.70,59.47
1:29:59 | 10-5-2024,18.73,59.47
1:30:59 | 10-5-2024,18.74,59.34
1:31:59 | 10-5-2024,18.72,59.32
1:32:59 | 10-5-2024,18.72,59.46
1:33:59 | 10-5-2024,18.76,59.36
1:34:59 | 10-5-2024,18.75,59.13
1:35:59 | 10-5-2024,18.79,59.18
1:36:59 | 10-5-2024,18.80,59.37
1:37:59 | 10-5-2024,18.85,58.99
1:38:59 | 10-5-2024,18.86,59.11
1:39:59 | 10-5-2024,18.80,59.11
1:40:59 | 10-5-2024,18.86,59.36
1:41:59 | 10-5-2024,18.90,58.82
1:42:59 | 10-5-2024,18.92,58.94
1:43:59 | 10-5-2024,18.84,58.58
1:44:59 | 10-5-2024,18.80,58.69
1:45:59 | 10-5-2024,18.72,58.89
1:46:59 | 10-5-2024,18.64,59.13
1:47:59 | 10-5-2024,18.57,59.27
1:48:59 | 10-5-2024,18.52,59.48
1:49:59 | 10-5-2024,18.50,59.65
1:50:59 | 10-5-2024,18.47,59.85
1:51:59 | 10-5-2024,18.52,60.16
1:52:59 | 10-5-2024,18.54,59.88
1:53:59 | 10-5-2024,18.52,59.77
1:54:59 | 10-5-2024,18.56,59.81
1:55:59 | 10-5-2024,18.58,59.76
1:56:59 | 10-5-2024,18.61,59.38
1:57:59 | 10-5-2024,18.64,59.56
1:58:59 | 10-5-2024,18.71,58.99
1:59:59 | 10-5-2024,18.75,58.94
2:0:59 | 10-5-2024,18.73,58.98
2:1:59 | 10-5-2024,18.67,58.86
2:2:59 | 10-5-2024,18.60,58.86
2:3:59 | 10-5-2024,18.53,58.98
2:4:59 | 10-5-2024,18.45,58.92
2:5:59 | 10-5-2024,18.37,58.92
2:6:59 | 10-5-2024,18.34,59.02
2:7:59 | 10-5-2024,18.29,59.04
2:8:59 | 10-5-2024,18.26,59.45
2:9:59 | 10-5-2024,18.22,59.08
2:10:59 | 10-5-2024,18.15,59.09
2:11:59 | 10-5-2024,18.10,59.41
2:12:59 | 10-5-2024,18.04,59.36
2:13:59 | 10-5-2024,17.96,59.48
2:14:59 | 10-5-2024,17.94,59.51
2:15:59 | 10-5-2024,17.93,60.21
2:16:59 | 10-5-2024,17.96,59.87
2:17:59 | 10-5-2024,17.96,59.98
2:18:59 | 10-5-2024,17.97,60.09
2:19:59 | 10-5-2024,17.97,60.00
2:20:59 | 10-5-2024,17.97,60.22
2:21:59 | 10-5-2024,18.01,60.22
2:22:59 | 10-5-2024,18.03,60.49
2:23:59 | 10-5-2024,18.03,60.17
2:24:59 | 10-5-2024,17.98,59.89
2:25:59 | 10-5-2024,17.98,60.17
2:26:59 | 10-5-2024,18.01,60.10
2:27:59 | 10-5-2024,18.01,60.28
2:28:59 | 10-5-2024,17.99,60.03
2:29:59 | 10-5-2024,18.01,60.22
2:30:59 | 10-5-2024,17.98,60.09
2:31:59 | 10-5-2024,18.03,60.08
2:32:59 | 10-5-2024,18.00,60.09
2:33:59 | 10-5-2024,18.00,60.18
2:34:59 | 10-5-2024,17.98,60.32
2:35:59 | 10-5-2024,17.98,60.32
2:36:59 | 10-5-2024,18.02,60.50
2:37:59 | 10-5-2024,18.01,60.25
2:38:59 | 10-5-2024,18.02,60.24
2:39:59 | 10-5-2024,18.03,60.27
2:40:59 | 10-5-2024,18.04,60.31
2:41:59 | 10-5-2024,18.07,60.08
2:42:59 | 10-5-2024,18.11,60.05
2:43:59 | 10-5-2024,18.13,60.18
2:44:59 | 10-5-2024,18.13,60.45
2:45:59 | 10-5-2024,18.18,60.32
2:46:59 | 10-5-2024,18.20,59.77
2:47:59 | 10-5-2024,18.22,60.03
2:48:59 | 10-5-2024,18.23,59.66
2:49:59 | 10-5-2024,18.22,59.88
2:50:59 | 10-5-2024,18.17,59.88
2:51:59 | 10-5-2024,18.17,60.11
2:52:59 | 10-5-2024,18.16,59.87
2:53:59 | 10-5-2024,18.17,59.99
2:54:59 | 10-5-2024,18.14,60.14
2:55:59 | 10-5-2024,18.17,59.95
2:56:59 | 10-5-2024,18.15,59.96
2:57:59 | 10-5-2024,18.18,60.07
2:58:59 | 10-5-2024,18.20,60.19
2:59:59 | 10-5-2024,18.19,60.06
3:0:59 | 10-5-2024,18.24,60.25
3:1:59 | 10-5-2024,18.22,59.90
3:2:59 | 10-5-2024,18.22,59.94
3:3:59 | 10-5-2024,18.22,60.02
3:4:59 | 10-5-2024,18.21,59.81
3:5:59 | 10-5-2024,18.23,59.84
3:6:59 | 10-5-2024,18.24,60.01
3:7:59 | 10-5-2024,18.27,59.94
3:8:59 | 10-5-2024,18.25,59.58
3:9:59 | 10-5-2024,18.27,60.01
3:10:59 | 10-5-2024,18.34,59.69
3:11:59 | 10-5-2024,18.33,59.70
3:12:59 | 10-5-2024,18.34,59.74
3:13:59 | 10-5-2024,18.34,59.62
3:14:59 | 10-5-2024,18.35,59.85
3:15:59 | 10-5-2024,18.35,59.54
3:16:59 | 10-5-2024,18.32,59.60
3:17:59 | 10-5-2024,18.32,59.54
3:18:59 | 10-5-2024,18.28,59.57
3:19:59 | 10-5-2024,18.30,59.68
3:20:59 | 10-5-2024,18.33,59.74
3:21:59 | 10-5-2024,18.25,59.45
3:22:59 | 10-5-2024,18.27,59.61
3:23:59 | 10-5-2024,18.31,59.76
3:24:59 | 10-5-2024,18.34,59.75
3:25:59 | 10-5-2024,18.35,59.75
3:26:59 | 10-5-2024,18.39,59.57
3:27:59 | 10-5-2024,18.42,59.45
3:28:59 | 10-5-2024,18.40,59.33
3:29:59 | 10-5-2024,18.40,59.42
3:30:59 | 10-5-2024,18.40,59.58
3:31:59 | 10-5-2024,18.39,59.66
3:32:59 | 10-5-2024,18.42,59.40
3:33:59 | 10-5-2024,18.43,59.42
3:34:59 | 10-5-2024,18.37,59.31
3:35:59 | 10-5-2024,18.40,59.34
3:36:59 | 10-5-2024,18.38,59.33
3:37:59 | 10-5-2024,18.36,59.35
3:38:59 | 10-5-2024,18.34,59.63
3:39:59 | 10-5-2024,18.30,59.59
3:40:59 | 10-5-2024,18.30,59.75
3:41:59 | 10-5-2024,18.34,59.54
3:42:59 | 10-5-2024,18.30,59.93
3:43:59 | 10-5-2024,18.29,60.12
3:44:59 | 10-5-2024,18.30,60.59
3:45:59 | 10-5-2024,18.34,60.37
3:46:59 | 10-5-2024,18.32,60.29
3:47:59 | 10-5-2024,18.36,60.24
3:48:59 | 10-5-2024,18.38,60.11
3:49:59 | 10-5-2024,18.37,59.94
3:50:59 | 10-5-2024,18.37,60.16
3:51:59 | 10-5-2024,18.38,60.16
3:52:59 | 10-5-2024,18.38,60.40
3:53:59 | 10-5-2024,18.40,60.34
3:54:59 | 10-5-2024,18.34,60.23
3:55:59 | 10-5-2024,18.37,60.59
3:56:59 | 10-5-2024,18.35,60.30
3:57:59 | 10-5-2024,18.34,60.30
3:58:59 | 10-5-2024,18.32,60.33
3:59:59 | 10-5-2024,18.28,60.51
4:0:59 | 10-5-2024,18.30,60.54
4:1:59 | 10-5-2024,18.31,60.59
4:2:59 | 10-5-2024,18.33,60.52
4:3:59 | 10-5-2024,18.32,60.41
4:4:59 | 10-5-2024,18.30,60.41
4:5:59 | 10-5-2024,18.30,60.25
4:6:59 | 10-5-2024,18.32,60.32
4:7:59 | 10-5-2024,18.30,60.35
4:8:59 | 10-5-2024,18.31,60.39
4:9:59 | 10-5-2024,18.33,60.18
4:10:59 | 10-5-2024,18.30,60.16
4:11:59 | 10-5-2024,18.28,60.29
4:12:59 | 10-5-2024,18.33,60.43
4:13:59 | 10-5-2024,18.29,59.83
4:14:59 | 10-5-2024,18.27,60.39
4:15:59 | 10-5-2024,18.29,60.36
4:16:59 | 10-5-2024,18.31,60.30
4:17:59 | 10-5-2024,18.29,60.63
4:18:59 | 10-5-2024,18.27,60.56
4:19:59 | 10-5-2024,18.29,60.42
4:20:59 | 10-5-2024,18.28,60.56
4:21:59 | 10-5-2024,18.26,60.67
4:22:59 | 10-5-2024,18.25,60.99
4:23:59 | 10-5-2024,18.23,61.38
4:24:59 | 10-5-2024,18.30,61.44
4:25:59 | 10-5-2024,18.32,61.27
4:26:59 | 10-5-2024,18.31,61.10
4:27:59 | 10-5-2024,18.29,61.29
4:28:59 | 10-5-2024,18.31,61.48
4:29:59 | 10-5-2024,18.32,61.11
4:30:59 | 10-5-2024,18.36,61.13
4:31:59 | 10-5-2024,18.35,61.24
4:32:59 | 10-5-2024,18.34,61.38
4:33:59 | 10-5-2024,18.27,61.27
4:34:59 | 10-5-2024,18.25,61.52
4:35:59 | 10-5-2024,18.27,61.55
4:36:59 | 10-5-2024,18.29,61.46
4:37:59 | 10-5-2024,18.32,61.26
4:38:59 | 10-5-2024,18.30,61.00
4:39:59 | 10-5-2024,18.32,61.06
4:40:59 | 10-5-2024,18.34,61.43
4:41:59 | 10-5-2024,18.34,61.18
4:42:59 | 10-5-2024,18.31,61.07
4:43:59 | 10-5-2024,18.29,61.39
4:44:59 | 10-5-2024,18.29,61.36
4:45:59 | 10-5-2024,18.26,61.59
4:46:59 | 10-5-2024,18.27,61.57
4:47:59 | 10-5-2024,18.29,61.65
4:48:59 | 10-5-2024,18.30,61.54
4:49:59 | 10-5-2024,18.31,61.66
4:50:59 | 10-5-2024,18.29,61.54
4:51:59 | 10-5-2024,18.31,61.58
4:52:59 | 10-5-2024,18.30,61.61
4:53:59 | 10-5-2024,18.28,61.83
4:54:59 | 10-5-2024,18.26,62.06
4:55:59 | 10-5-2024,18.26,61.86
4:56:59 | 10-5-2024,18.28,62.14
4:57:59 | 10-5-2024,18.24,62.02
4:58:59 | 10-5-2024,18.28,62.04
4:59:59 | 10-5-2024,18.30,62.04
5:0:59 | 10-5-2024,18.32,62.01
5:1:59 | 10-5-2024,18.34,61.77
5:2:59 | 10-5-2024,18.34,61.92
5:3:59 | 10-5-2024,18.32,61.85
5:4:59 | 10-5-2024,18.33,61.71
5:5:59 | 10-5-2024,18.34,61.85
5:6:59 | 10-5-2024,18.41,61.82
5:7:59 | 10-5-2024,18.40,61.69
5:8:59 | 10-5-2024,18.38,61.40
5:9:59 | 10-5-2024,18.37,61.45
5:10:59 | 10-5-2024,18.38,61.51
5:11:59 | 10-5-2024,18.38,61.56
5:12:59 | 10-5-2024,18.36,61.37
5:13:59 | 10-5-2024,18.36,61.60
5:14:59 | 10-5-2024,18.35,61.82
5:15:59 | 10-5-2024,18.36,61.71
5:16:59 | 10-5-2024,18.38,61.96
5:17:59 | 10-5-2024,18.39,61.72
5:18:59 | 10-5-2024,18.36,61.89
5:19:59 | 10-5-2024,18.39,61.73
5:20:59 | 10-5-2024,18.37,61.63
5:21:59 | 10-5-2024,18.36,61.80
5:22:59 | 10-5-2024,18.39,61.86
5:23:59 | 10-5-2024,18.40,61.87
5:24:59 | 10-5-2024,18.38,61.92
5:25:59 | 10-5-2024,18.37,61.89
5:26:59 | 10-5-2024,18.41,61.68
5:27:59 | 10-5-2024,18.42,61.75
5:28:59 | 10-5-2024,18.40,61.89
5:29:59 | 10-5-2024,18.40,61.80
5:30:59 | 10-5-2024,18.41,61.68
5:31:59 | 10-5-2024,18.39,61.67
5:32:59 | 10-5-2024,18.39,61.77
5:33:59 | 10-5-2024,18.39,61.69
5:34:59 | 10-5-2024,18.40,61.88
5:35:59 | 10-5-2024,18.43,61.73
5:36:59 | 10-5-2024,18.50,61.95
5:37:59 | 10-5-2024,18.48,61.67
5:38:59 | 10-5-2024,18.53,61.50
5:39:59 | 10-5-2024,18.53,61.49
5:40:59 | 10-5-2024,18.55,61.22
5:41:59 | 10-5-2024,18.54,61.47
5:42:59 | 10-5-2024,18.57,61.37
5:43:59 | 10-5-2024,18.53,61.23
5:44:59 | 10-5-2024,18.52,61.07
5:45:59 | 10-5-2024,18.54,61.26
5:46:59 | 10-5-2024,18.56,61.46
5:47:59 | 10-5-2024,18.59,61.14
5:48:59 | 10-5-2024,18.59,61.05
5:49:59 | 10-5-2024,18.61,61.35
5:50:59 | 10-5-2024,18.64,61.18
5:51:59 | 10-5-2024,18.64,60.83
5:52:59 | 10-5-2024,18.66,60.81
5:53:59 | 10-5-2024,18.66,60.95
5:54:59 | 10-5-2024,18.64,60.89
5:55:59 | 10-5-2024,18.64,60.99
5:56:59 | 10-5-2024,18.66,60.92
5:57:59 | 10-5-2024,18.67,60.94
5:58:59 | 10-5-2024,18.69,61.06
5:59:59 | 10-5-2024,18.70,60.89
6:0:59 | 10-5-2024,18.69,60.70
6:1:59 | 10-5-2024,18.66,60.66
6:2:59 | 10-5-2024,18.66,60.76
6:3:59 | 10-5-2024,18.66,61.17
6:4:59 | 10-5-2024,18.66,60.85
6:5:59 | 10-5-2024,18.66,60.87
6:6:59 | 10-5-2024,18.67,60.63
6:7:59 | 10-5-2024,18.70,60.77
6:8:59 | 10-5-2024,18.67,60.62
6:9:59 | 10-5-2024,18.67,60.41
6:10:59 | 10-5-2024,18.65,60.58
6:11:59 | 10-5-2024,18.63,60.51
6:12:59 | 10-5-2024,18.61,60.75
6:13:59 | 10-5-2024,18.60,60.93
6:14:59 | 10-5-2024,18.58,60.67
6:15:59 | 10-5-2024,18.56,61.02
6:16:59 | 10-5-2024,18.56,61.14
6:17:59 | 10-5-2024,18.58,61.19
6:18:59 | 10-5-2024,18.58,61.04
6:19:59 | 10-5-2024,18.57,61.29
6:20:59 | 10-5-2024,18.57,61.08
6:21:59 | 10-5-2024,18.58,61.22
6:22:59 | 10-5-2024,18.55,61.04
6:23:59 | 10-5-2024,18.54,60.90
6:24:59 | 10-5-2024,18.55,61.18
6:25:58 | 10-5-2024,18.53,60.94
6:26:59 | 10-5-2024,18.51,60.91
6:27:59 | 10-5-2024,18.48,60.97
6:28:59 | 10-5-2024,18.46,61.20
6:29:59 | 10-5-2024,18.46,61.42
6:30:59 | 10-5-2024,18.47,61.74
6:31:59 | 10-5-2024,18.46,61.82
6:32:59 | 10-5-2024,18.48,61.86
6:33:59 | 10-5-2024,18.51,62.07
6:34:58 | 10-5-2024,18.50,61.72
6:35:59 | 10-5-2024,18.52,61.74
6:36:59 | 10-5-2024,18.55,61.99
6:37:59 | 10-5-2024,18.55,61.62
6:38:59 | 10-5-2024,18.59,61.90
6:39:59 | 10-5-2024,18.61,61.45
6:40:59 | 10-5-2024,18.61,61.23
6:41:59 | 10-5-2024,18.61,61.47
6:42:59 | 10-5-2024,18.64,61.74
6:43:59 | 10-5-2024,18.64,61.46
6:44:59 | 10-5-2024,18.68,62.15
6:45:59 | 10-5-2024,18.70,61.70
6:46:59 | 10-5-2024,18.70,62.00
6:47:59 | 10-5-2024,18.75,62.22
6:48:58 | 10-5-2024,18.79,62.20
6:49:59 | 10-5-2024,18.85,62.27
6:50:58 | 10-5-2024,18.88,61.72
6:51:59 | 10-5-2024,18.86,62.01
6:52:59 | 10-5-2024,18.91,61.82
6:53:59 | 10-5-2024,18.95,61.68
6:54:59 | 10-5-2024,18.94,61.45
6:55:59 | 10-5-2024,18.98,61.20
6:56:59 | 10-5-2024,19.05,61.15
6:57:58 | 10-5-2024,19.05,60.82
6:58:59 | 10-5-2024,19.05,60.51
6:59:59 | 10-5-2024,19.08,60.40
7:0:59 | 10-5-2024,19.15,60.08
7:1:59 | 10-5-2024,19.18,59.92
7:2:58 | 10-5-2024,19.19,59.74
7:3:59 | 10-5-2024,19.23,59.95
7:4:59 | 10-5-2024,19.27,59.56
7:5:58 | 10-5-2024,19.29,59.32
7:6:59 | 10-5-2024,19.30,59.36
7:7:58 | 10-5-2024,19.46,59.89
7:8:59 | 10-5-2024,19.52,58.78
7:9:59 | 10-5-2024,19.55,58.88
7:10:59 | 10-5-2024,19.55,58.68
7:11:58 | 10-5-2024,19.64,58.39
7:12:59 | 10-5-2024,19.77,58.69
7:13:59 | 10-5-2024,19.84,57.85
7:14:58 | 10-5-2024,19.86,57.86
7:15:58 | 10-5-2024,19.90,57.54
7:16:59 | 10-5-2024,19.97,57.51
7:17:59 | 10-5-2024,19.98,57.28
7:18:59 | 10-5-2024,19.96,57.41
7:19:58 | 10-5-2024,20.03,57.74
7:20:58 | 10-5-2024,20.06,57.11
7:21:59 | 10-5-2024,20.03,56.92
7:22:59 | 10-5-2024,20.02,56.70
7:23:58 | 10-5-2024,20.03,57.11
7:24:58 | 10-5-2024,20.06,56.69
7:25:59 | 10-5-2024,20.08,57.14
7:26:59 | 10-5-2024,20.13,57.13
7:27:59 | 10-5-2024,20.14,57.07
7:28:58 | 10-5-2024,20.13,57.07
7:29:58 | 10-5-2024,20.10,56.90
7:30:59 | 10-5-2024,20.06,57.08
7:31:59 | 10-5-2024,19.98,57.38
7:32:58 | 10-5-2024,20.05,57.71
7:33:58 | 10-5-2024,20.01,57.57
7:34:59 | 10-5-2024,20.05,57.54
7:35:59 | 10-5-2024,20.02,57.37
7:36:58 | 10-5-2024,20.06,57.25
7:37:58 | 10-5-2024,20.05,57.17
7:38:59 | 10-5-2024,20.10,57.79
7:39:59 | 10-5-2024,20.08,57.11
7:40:58 | 10-5-2024,20.09,56.79
7:41:58 | 10-5-2024,20.05,56.97
7:42:59 | 10-5-2024,20.00,57.30
7:43:59 | 10-5-2024,19.95,57.12
7:44:58 | 10-5-2024,19.92,57.36
7:45:58 | 10-5-2024,19.93,57.04
7:46:59 | 10-5-2024,19.87,57.24
7:47:58 | 10-5-2024,19.83,57.08
7:48:58 | 10-5-2024,19.77,57.21
7:49:59 | 10-5-2024,19.73,57.90
7:50:58 | 10-5-2024,19.72,57.67
7:51:58 | 10-5-2024,19.67,57.77
7:52:59 | 10-5-2024,19.67,58.10
7:53:58 | 10-5-2024,19.75,58.39
7:54:58 | 10-5-2024,19.83,58.12
7:55:59 | 10-5-2024,19.92,57.46
7:56:58 | 10-5-2024,19.88,57.42
7:57:58 | 10-5-2024,19.94,57.65
7:58:58 | 10-5-2024,19.93,57.38
7:59:59 | 10-5-2024,20.04,57.38
8:0:58 | 10-5-2024,20.05,56.70
8:1:58 | 10-5-2024,20.07,57.00
8:2:58 | 10-5-2024,20.16,56.63
8:3:59 | 10-5-2024,20.15,56.74
8:4:58 | 10-5-2024,20.20,56.15
8:5:58 | 10-5-2024,20.19,56.28
8:6:58 | 10-5-2024,20.13,56.03
8:7:59 | 10-5-2024,20.19,56.35
8:8:59 | 10-5-2024,20.26,56.01
8:9:58 | 10-5-2024,20.22,56.26
8:10:58 | 10-5-2024,20.22,56.18
8:11:58 | 10-5-2024,20.22,56.34
8:12:59 | 10-5-2024,20.23,56.19
8:13:58 | 10-5-2024,20.36,56.28
8:14:58 | 10-5-2024,20.34,55.95
8:15:58 | 10-5-2024,20.33,55.84
8:16:58 | 10-5-2024,20.36,55.66
8:17:59 | 10-5-2024,20.32,55.43
8:18:58 | 10-5-2024,20.26,55.79
8:19:58 | 10-5-2024,20.30,56.06
8:20:58 | 10-5-2024,20.30,55.82
8:21:58 | 10-5-2024,20.27,55.99
8:22:59 | 10-5-2024,20.25,55.88
8:23:58 | 10-5-2024,20.26,55.94
8:24:58 | 10-5-2024,20.31,55.98
8:25:58 | 10-5-2024,20.28,55.60
8:26:59 | 10-5-2024,20.34,55.83
8:27:58 | 10-5-2024,20.37,55.64
8:28:58 | 10-5-2024,20.30,55.71
8:29:58 | 10-5-2024,20.28,55.85
8:30:58 | 10-5-2024,20.28,55.96
8:31:59 | 10-5-2024,20.33,56.02
8:32:58 | 10-5-2024,20.44,55.85
8:33:58 | 10-5-2024,20.45,55.68
8:34:58 | 10-5-2024,20.43,55.51
8:35:58 | 10-5-2024,20.44,55.63
8:36:59 | 10-5-2024,20.45,55.90
8:37:58 | 10-5-2024,20.46,55.58
8:38:58 | 10-5-2024,20.48,55.74
8:39:58 | 10-5-2024,20.51,55.49
8:40:58 | 10-5-2024,20.44,55.25
8:41:58 | 10-5-2024,20.53,55.57
8:42:59 | 10-5-2024,20.53,55.12
8:43:58 | 10-5-2024,20.50,55.54
8:44:58 | 10-5-2024,20.51,55.77
8:45:58 | 10-5-2024,20.50,55.41
8:46:58 | 10-5-2024,20.57,55.74
8:47:58 | 10-5-2024,20.56,55.31
8:48:59 | 10-5-2024,20.61,54.99
8:49:58 | 10-5-2024,20.65,54.99
8:50:58 | 10-5-2024,20.61,55.40
8:51:58 | 10-5-2024,20.58,55.42
8:52:58 | 10-5-2024,20.54,54.91
8:53:58 | 10-5-2024,20.54,55.51
8:54:58 | 10-5-2024,20.65,55.51
8:55:58 | 10-5-2024,20.73,55.14
8:56:58 | 10-5-2024,20.78,54.64
8:57:58 | 10-5-2024,20.79,54.51
8:58:58 | 10-5-2024,20.80,54.36
8:59:58 | 10-5-2024,20.79,54.86
9:0:58 | 10-5-2024,20.85,54.12
9:1:58 | 10-5-2024,20.91,54.71
9:2:58 | 10-5-2024,20.84,54.78
9:3:58 | 10-5-2024,20.83,54.70
9:4:58 | 10-5-2024,20.91,54.39
9:5:58 | 10-5-2024,20.96,54.48
9:6:58 | 10-5-2024,20.92,53.96
9:7:58 | 10-5-2024,20.97,54.04
9:8:58 | 10-5-2024,21.00,53.73
9:9:58 | 10-5-2024,21.04,53.76
9:10:58 | 10-5-2024,21.01,54.01
9:11:58 | 10-5-2024,20.97,53.87
9:12:58 | 10-5-2024,20.88,53.80
9:13:58 | 10-5-2024,20.80,54.17
9:14:58 | 10-5-2024,20.94,54.69
9:15:58 | 10-5-2024,20.88,54.52
9:16:58 | 10-5-2024,20.85,54.71
9:17:58 | 10-5-2024,20.89,54.96
9:18:58 | 10-5-2024,20.97,55.26
9:19:58 | 10-5-2024,21.03,54.77
9:20:58 | 10-5-2024,20.90,54.77
9:21:58 | 10-5-2024,20.85,55.17
9:22:58 | 10-5-2024,20.81,55.35
9:23:58 | 10-5-2024,20.86,55.76
9:24:58 | 10-5-2024,20.93,55.45
9:25:58 | 10-5-2024,20.94,55.50
9:26:58 | 10-5-2024,20.84,55.82
9:27:58 | 10-5-2024,20.83,55.90
9:28:58 | 10-5-2024,20.74,56.30
9:29:58 | 10-5-2024,20.79,56.75
9:30:58 | 10-5-2024,20.90,56.49
9:31:58 | 10-5-2024,20.85,56.33
9:32:58 | 10-5-2024,20.88,56.42
9:33:58 | 10-5-2024,20.75,56.59
9:34:58 | 10-5-2024,20.67,56.96
9:35:58 | 10-5-2024,20.54,57.66
9:36:58 | 10-5-2024,20.47,57.79
9:37:58 | 10-5-2024,20.38,57.96
9:38:58 | 10-5-2024,20.33,58.18
9:39:58 | 10-5-2024,20.29,58.17
9:40:58 | 10-5-2024,20.31,58.33
9:41:58 | 10-5-2024,20.35,58.16
9:42:58 | 10-5-2024,20.30,58.30
9:43:58 | 10-5-2024,20.30,58.34
9:44:58 | 10-5-2024,20.48,58.10
9:45:58 | 10-5-2024,20.52,57.73
9:46:58 | 10-5-2024,20.50,58.02
9:47:58 | 10-5-2024,20.57,57.98
9:48:58 | 10-5-2024,20.64,57.89
9:49:58 | 10-5-2024,20.75,57.65
9:50:58 | 10-5-2024,20.68,57.54
9:51:58 | 10-5-2024,20.65,57.77
9:52:58 | 10-5-2024,20.70,57.57
9:53:58 | 10-5-2024,20.74,57.42
9:54:58 | 10-5-2024,20.82,57.16
9:55:58 | 10-5-2024,20.72,57.23
9:56:58 | 10-5-2024,20.75,57.19
9:57:58 | 10-5-2024,20.79,57.12
9:58:58 | 10-5-2024,20.72,56.78
9:59:58 | 10-5-2024,20.60,57.08
10:0:58 | 10-5-2024,20.49,57.33
10:1:58 | 10-5-2024,20.53,57.84
10:2:58 | 10-5-2024,20.61,57.59
10:3:58 | 10-5-2024,20.67,57.38
10:4:58 | 10-5-2024,20.69,57.20
10:5:58 | 10-5-2024,20.77,57.33
10:6:58 | 10-5-2024,20.79,56.93
10:7:58 | 10-5-2024,20.78,56.97
10:8:58 | 10-5-2024,20.85,57.30
10:9:58 | 10-5-2024,20.93,56.72
10:10:58 | 10-5-2024,20.98,56.80
10:11:58 | 10-5-2024,21.05,56.74
10:12:58 | 10-5-2024,21.13,56.49
10:13:58 | 10-5-2024,21.29,56.29
10:14:58 | 10-5-2024,21.34,55.84
10:15:58 | 10-5-2024,21.28,55.83
10:16:58 | 10-5-2024,21.27,55.44
10:17:58 | 10-5-2024,21.27,55.59
10:18:58 | 10-5-2024,21.34,55.80
10:19:58 | 10-5-2024,21.35,55.85
10:20:58 | 10-5-2024,21.38,55.79
10:21:58 | 10-5-2024,21.44,55.32
10:22:58 | 10-5-2024,21.50,55.19
10:23:58 | 10-5-2024,21.58,55.25
10:24:58 | 10-5-2024,21.64,54.88
10:25:58 | 10-5-2024,21.77,54.79
10:26:58 | 10-5-2024,21.81,54.28
10:27:58 | 10-5-2024,21.71,54.17
10:28:58 | 10-5-2024,21.57,54.46
10:29:58 | 10-5-2024,21.40,54.73
10:30:58 | 10-5-2024,21.27,55.15
10:31:58 | 10-5-2024,21.22,55.53
10:32:58 | 10-5-2024,21.28,55.64
10:33:58 | 10-5-2024,21.28,55.68
10:34:58 | 10-5-2024,21.23,55.81
10:35:58 | 10-5-2024,21.09,56.18
10:36:58 | 10-5-2024,20.97,56.62
10:37:58 | 10-5-2024,21.03,56.56
10:38:58 | 10-5-2024,20.95,56.47
10:39:58 | 10-5-2024,20.97,56.62
10:40:58 | 10-5-2024,21.02,56.40
10:41:58 | 10-5-2024,20.90,56.55
10:42:58 | 10-5-2024,20.97,56.42
10:43:58 | 10-5-2024,21.07,56.32
10:44:58 | 10-5-2024,21.03,56.05
10:45:58 | 10-5-2024,20.95,56.22
10:46:58 | 10-5-2024,20.94,56.52
10:47:58 | 10-5-2024,20.94,56.42
10:48:58 | 10-5-2024,20.96,56.35
10:49:58 | 10-5-2024,21.01,56.50
10:50:58 | 10-5-2024,20.97,56.55
10:51:58 | 10-5-2024,20.97,56.65
10:52:58 | 10-5-2024,20.91,56.76
10:53:58 | 10-5-2024,20.79,57.65
10:54:58 | 10-5-2024,20.77,58.01
10:55:58 | 10-5-2024,20.80,58.14
10:56:58 | 10-5-2024,20.72,58.15
10:57:58 | 10-5-2024,20.66,58.88
10:58:58 | 10-5-2024,20.61,59.43
10:59:58 | 10-5-2024,20.57,59.56
11:0:58 | 10-5-2024,20.51,60.18
11:1:58 | 10-5-2024,20.43,60.62
11:2:58 | 10-5-2024,20.35,60.08
11:3:58 | 10-5-2024,20.33,60.68
11:4:58 | 10-5-2024,20.14,60.42
11:5:58 | 10-5-2024,20.08,61.40
11:6:58 | 10-5-2024,19.97,62.56
11:7:58 | 10-5-2024,19.96,62.93
11:8:58 | 10-5-2024,20.02,63.01
11:9:58 | 10-5-2024,20.03,63.11
11:10:58 | 10-5-2024,19.92,62.72
11:11:58 | 10-5-2024,19.94,62.78
11:12:58 | 10-5-2024,19.97,63.08
11:13:58 | 10-5-2024,19.91,62.83
11:14:58 | 10-5-2024,19.89,63.58
11:15:58 | 10-5-2024,19.89,63.35
11:16:58 | 10-5-2024,19.87,63.44
11:17:58 | 10-5-2024,19.76,63.39
11:18:58 | 10-5-2024,19.71,64.07
11:19:58 | 10-5-2024,19.61,64.06
11:20:58 | 10-5-2024,19.58,64.20
11:21:58 | 10-5-2024,19.57,64.35
11:22:58 | 10-5-2024,19.60,64.46
11:23:58 | 10-5-2024,19.57,64.12
11:24:58 | 10-5-2024,19.56,64.31
11:25:58 | 10-5-2024,19.58,64.62
11:26:58 | 10-5-2024,19.54,64.62
11:27:58 | 10-5-2024,19.60,64.60
11:28:58 | 10-5-2024,19.57,64.59
11:29:58 | 10-5-2024,19.53,64.39
11:30:58 | 10-5-2024,19.51,64.56
11:31:58 | 10-5-2024,19.46,64.86
11:32:58 | 10-5-2024,19.37,64.72
11:33:58 | 10-5-2024,19.36,64.79
11:34:58 | 10-5-2024,19.30,65.05
11:35:58 | 10-5-2024,19.20,65.15
11:36:58 | 10-5-2024,19.28,65.56
11:37:58 | 10-5-2024,19.29,65.58
11:38:58 | 10-5-2024,19.29,65.69
11:39:58 | 10-5-2024,19.07,66.29
11:40:58 | 10-5-2024,19.07,66.66
11:41:58 | 10-5-2024,19.03,66.96
11:42:58 | 10-5-2024,19.05,67.32
11:43:58 | 10-5-2024,18.99,67.19
11:44:58 | 10-5-2024,18.99,67.58
11:45:58 | 10-5-2024,18.99,67.60
11:46:58 | 10-5-2024,18.99,67.52
11:47:58 | 10-5-2024,18.96,67.51
11:48:58 | 10-5-2024,18.99,67.53
11:49:58 | 10-5-2024,18.98,67.64
11:50:58 | 10-5-2024,18.98,67.41
11:51:58 | 10-5-2024,18.97,67.52
11:52:58 | 10-5-2024,19.00,67.52
11:53:58 | 10-5-2024,18.99,67.52
11:54:58 | 10-5-2024,18.91,67.52
11:55:58 | 10-5-2024,18.92,68.04
11:56:58 | 10-5-2024,18.92,68.14
11:57:58 | 10-5-2024,18.93,68.07
11:58:58 | 10-5-2024,18.85,68.04
11:59:58 | 10-5-2024,18.86,68.43
12:0:58 | 10-5-2024,18.82,68.43
12:1:58 | 10-5-2024,18.79,68.51
12:3:4 | 10-5-2024,18.85,68.38
12:3:58 | 10-5-2024,18.97,68.74
12:4:58 | 10-5-2024,19.15,68.65
12:5:58 | 10-5-2024,19.33,68.37
12:6:58 | 10-5-2024,19.53,67.97
12:7:58 | 10-5-2024,19.71,67.46
12:8:58 | 10-5-2024,19.86,66.87
12:9:58 | 10-5-2024,20.02,66.59
12:10:58 | 10-5-2024,20.17,66.09
12:11:58 | 10-5-2024,20.29,65.66
12:12:58 | 10-5-2024,20.39,65.38
12:13:58 | 10-5-2024,20.50,65.21
12:14:58 | 10-5-2024,20.60,64.81
12:15:58 | 10-5-2024,20.69,64.56
12:16:58 | 10-5-2024,20.80,64.29
12:17:58 | 10-5-2024,20.88,64.14
12:18:58 | 10-5-2024,20.97,63.96
12:19:58 | 10-5-2024,21.17,63.85
12:20:58 | 10-5-2024,21.29,63.87
12:21:58 | 10-5-2024,21.34,63.17
12:22:58 | 10-5-2024,21.30,62.86
12:23:58 | 10-5-2024,21.27,62.90
12:24:58 | 10-5-2024,21.24,62.50
12:25:58 | 10-5-2024,21.18,62.61
12:26:58 | 10-5-2024,21.17,62.57
12:27:58 | 10-5-2024,21.16,62.64
12:28:58 | 10-5-2024,21.15,62.75
12:29:58 | 10-5-2024,21.12,62.64
12:30:58 | 10-5-2024,21.13,62.63
12:31:58 | 10-5-2024,21.12,62.52
12:32:58 | 10-5-2024,21.13,62.19
12:33:58 | 10-5-2024,21.09,62.27
12:34:58 | 10-5-2024,21.11,62.36
12:35:58 | 10-5-2024,21.15,62.17
12:36:58 | 10-5-2024,21.19,62.11
12:37:58 | 10-5-2024,21.20,62.08
12:38:58 | 10-5-2024,21.20,62.07
12:39:58 | 10-5-2024,21.21,61.90
12:40:58 | 10-5-2024,21.24,61.91
12:41:58 | 10-5-2024,21.25,61.71
12:42:58 | 10-5-2024,21.21,61.89
12:43:58 | 10-5-2024,21.19,62.09
12:44:58 | 10-5-2024,21.17,62.06
12:45:58 | 10-5-2024,21.15,62.27
12:46:58 | 10-5-2024,21.14,62.34
12:47:58 | 10-5-2024,21.13,62.56
12:48:58 | 10-5-2024,21.13,62.43
12:49:58 | 10-5-2024,21.13,62.34
12:50:58 | 10-5-2024,21.15,62.28
12:51:58 | 10-5-2024,21.18,62.17
12:52:58 | 10-5-2024,21.18,62.02
12:53:58 | 10-5-2024,21.20,61.92
12:54:58 | 10-5-2024,21.23,61.88
12:55:58 | 10-5-2024,21.25,61.66
12:56:58 | 10-5-2024,21.28,61.62
12:57:58 | 10-5-2024,21.27,61.53
12:58:58 | 10-5-2024,21.26,61.57
12:59:58 | 10-5-2024,21.23,61.63
13:0:58 | 10-5-2024,21.28,61.51
13:1:58 | 10-5-2024,21.32,61.44
13:2:58 | 10-5-2024,21.36,61.26
13:3:58 | 10-5-2024,21.35,61.17
13:4:58 | 10-5-2024,21.35,61.09
13:5:58 | 10-5-2024,21.34,61.10
13:6:58 | 10-5-2024,21.33,60.94
13:7:58 | 10-5-2024,21.29,60.97
13:8:58 | 10-5-2024,21.29,60.97
13:9:58 | 10-5-2024,21.28,61.10
13:10:58 | 10-5-2024,21.29,61.00
13:11:58 | 10-5-2024,21.28,61.05
13:12:58 | 10-5-2024,21.29,61.05
13:13:58 | 10-5-2024,21.32,61.04
13:14:58 | 10-5-2024,21.30,61.07
13:15:58 | 10-5-2024,21.30,60.96
13:16:58 | 10-5-2024,21.34,60.91
13:17:58 | 10-5-2024,21.36,60.90
13:18:58 | 10-5-2024,21.34,60.85
13:19:58 | 10-5-2024,21.38,60.84
13:20:58 | 10-5-2024,21.39,60.64
13:21:58 | 10-5-2024,21.40,60.69
13:22:58 | 10-5-2024,21.40,60.58
13:23:58 | 10-5-2024,21.39,60.63
13:24:58 | 10-5-2024,21.38,60.62
13:25:58 | 10-5-2024,21.41,60.51
13:26:58 | 10-5-2024,21.39,60.60
13:27:58 | 10-5-2024,21.39,60.62
13:28:58 | 10-5-2024,21.40,60.52
13:29:58 | 10-5-2024,21.43,60.47
13:30:58 | 10-5-2024,21.43,60.37
13:31:58 | 10-5-2024,21.42,60.44
13:32:58 | 10-5-2024,21.41,60.43
13:33:58 | 10-5-2024,21.38,60.56
13:34:58 | 10-5-2024,21.41,60.46
13:35:58 | 10-5-2024,21.36,60.63
13:36:58 | 10-5-2024,21.40,60.56
13:37:58 | 10-5-2024,21.38,60.61
13:38:58 | 10-5-2024,21.38,60.50
13:39:58 | 10-5-2024,21.40,60.41
13:40:58 | 10-5-2024,21.38,60.54
13:41:58 | 10-5-2024,21.38,60.40
13:42:58 | 10-5-2024,21.38,60.37
13:43:58 | 10-5-2024,21.36,60.47
13:44:58 | 10-5-2024,21.36,60.54
13:45:58 | 10-5-2024,21.36,60.42
13:46:58 | 10-5-2024,21.30,60.61
13:47:58 | 10-5-2024,21.31,60.48
13:48:58 | 10-5-2024,21.32,60.57
13:49:58 | 10-5-2024,21.29,60.58
13:50:58 | 10-5-2024,21.27,60.63
13:51:58 | 10-5-2024,21.25,60.68
13:52:58 | 10-5-2024,21.25,60.58
13:53:58 | 10-5-2024,21.24,60.62
13:54:58 | 10-5-2024,21.23,60.72
13:55:58 | 10-5-2024,21.23,60.67
13:56:58 | 10-5-2024,21.22,60.74
13:57:58 | 10-5-2024,21.21,60.83
13:58:58 | 10-5-2024,21.22,60.78
13:59:58 | 10-5-2024,21.22,60.60
14:0:58 | 10-5-2024,21.20,60.46
14:1:58 | 10-5-2024,21.20,60.60
14:2:58 | 10-5-2024,21.18,60.65
14:3:58 | 10-5-2024,21.16,60.75
14:4:58 | 10-5-2024,21.13,60.91
14:5:58 | 10-5-2024,21.12,60.84
14:6:58 | 10-5-2024,21.11,61.21
14:7:58 | 10-5-2024,21.12,61.11
14:8:58 | 10-5-2024,21.11,61.28
14:9:58 | 10-5-2024,21.11,61.24
14:10:58 | 10-5-2024,21.10,61.34
14:11:58 | 10-5-2024,21.11,61.30
14:12:58 | 10-5-2024,21.13,61.25
14:13:58 | 10-5-2024,21.14,61.36
14:14:58 | 10-5-2024,21.16,61.21
14:15:58 | 10-5-2024,21.19,61.16
14:16:58 | 10-5-2024,21.22,61.05
14:17:58 | 10-5-2024,21.21,60.82
14:18:58 | 10-5-2024,21.21,60.78
14:19:58 | 10-5-2024,21.21,60.96
14:20:58 | 10-5-2024,21.19,60.84
14:21:58 | 10-5-2024,21.22,60.69
14:22:58 | 10-5-2024,21.23,60.68
14:23:58 | 10-5-2024,21.24,60.67
14:24:58 | 10-5-2024,21.27,60.48
14:25:58 | 10-5-2024,21.28,60.44
14:26:58 | 10-5-2024,21.30,60.22
14:27:58 | 10-5-2024,21.30,60.15
14:28:58 | 10-5-2024,21.30,60.32
14:29:58 | 10-5-2024,21.29,60.42
14:30:58 | 10-5-2024,21.31,60.39
14:31:58 | 10-5-2024,21.30,60.42
14:32:58 | 10-5-2024,21.31,60.28
14:33:58 | 10-5-2024,21.29,60.41
14:34:58 | 10-5-2024,21.31,60.23
14:35:58 | 10-5-2024,21.33,60.25
14:36:58 | 10-5-2024,21.32,60.35
14:37:58 | 10-5-2024,21.33,60.26
14:38:58 | 10-5-2024,21.28,60.39
14:39:58 | 10-5-2024,21.28,60.27
14:40:58 | 10-5-2024,21.30,60.02
14:41:58 | 10-5-2024,21.33,59.95
14:42:58 | 10-5-2024,21.35,59.94
14:43:58 | 10-5-2024,21.31,60.13
14:44:58 | 10-5-2024,21.31,60.17
14:45:58 | 10-5-2024,21.29,60.28
14:46:58 | 10-5-2024,21.28,60.48
14:47:58 | 10-5-2024,21.30,60.50
14:48:58 | 10-5-2024,21.31,60.22
14:49:58 | 10-5-2024,21.35,59.96
14:50:58 | 10-5-2024,21.34,60.14
14:51:58 | 10-5-2024,21.33,60.08
14:52:58 | 10-5-2024,21.35,60.08
14:53:58 | 10-5-2024,21.34,60.12
14:54:58 | 10-5-2024,21.34,60.19
14:55:58 | 10-5-2024,21.35,60.17
14:56:58 | 10-5-2024,21.36,59.89
14:57:58 | 10-5-2024,21.42,59.81
14:58:58 | 10-5-2024,21.45,59.79
14:59:58 | 10-5-2024,21.42,59.90
15:0:58 | 10-5-2024,21.44,59.91
15:1:58 | 10-5-2024,21.47,59.66
15:2:58 | 10-5-2024,21.45,59.61
15:3:58 | 10-5-2024,21.45,59.65
15:4:58 | 10-5-2024,21.43,59.72
15:5:58 | 10-5-2024,21.42,59.72
15:6:58 | 10-5-2024,21.41,59.71
15:7:58 | 10-5-2024,21.41,59.72
15:8:58 | 10-5-2024,21.42,59.71
15:9:58 | 10-5-2024,21.41,59.88
15:10:58 | 10-5-2024,21.42,59.79
15:11:58 | 10-5-2024,21.42,59.88
15:12:58 | 10-5-2024,21.41,59.89
15:13:58 | 10-5-2024,21.42,59.97
15:14:58 | 10-5-2024,21.45,59.98
15:15:58 | 10-5-2024,21.50,59.81
15:16:58 | 10-5-2024,21.51,59.75
15:17:58 | 10-5-2024,21.51,59.59
15:18:58 | 10-5-2024,21.49,59.60
15:19:58 | 10-5-2024,21.48,59.76
15:20:58 | 10-5-2024,21.48,59.70
15:21:58 | 10-5-2024,21.50,59.65
15:22:58 | 10-5-2024,21.51,59.61
15:23:58 | 10-5-2024,21.49,59.78
15:24:58 | 10-5-2024,21.50,59.74
15:25:58 | 10-5-2024,21.49,59.72
15:26:58 | 10-5-2024,21.49,59.73
15:27:58 | 10-5-2024,21.49,59.78
15:28:58 | 10-5-2024,21.49,59.85
15:29:58 | 10-5-2024,21.51,59.69
15:30:58 | 10-5-2024,21.51,59.64
15:31:58 | 10-5-2024,21.50,59.72
15:32:58 | 10-5-2024,21.50,59.76
15:33:58 | 10-5-2024,21.48,59.74
15:34:58 | 10-5-2024,21.49,59.75
15:35:58 | 10-5-2024,21.51,59.77
15:36:58 | 10-5-2024,21.54,59.70
15:37:58 | 10-5-2024,21.55,59.68
15:38:58 | 10-5-2024,21.56,59.77
15:39:58 | 10-5-2024,21.57,59.79
15:40:58 | 10-5-2024,21.59,59.72
15:41:58 | 10-5-2024,21.59,59.65
15:42:58 | 10-5-2024,21.59,59.64
15:43:58 | 10-5-2024,21.61,59.64
15:44:58 | 10-5-2024,21.58,59.65
15:45:58 | 10-5-2024,21.60,59.62
15:46:58 | 10-5-2024,21.56,59.77
15:47:58 | 10-5-2024,21.57,59.74
15:48:58 | 10-5-2024,21.58,59.71
15:49:58 | 10-5-2024,21.57,59.67
15:50:58 | 10-5-2024,21.57,59.71
15:51:58 | 10-5-2024,21.58,59.57
15:52:58 | 10-5-2024,21.55,59.60
15:53:58 | 10-5-2024,21.55,59.65
15:54:58 | 10-5-2024,21.55,59.66
15:55:58 | 10-5-2024,21.54,59.72
15:56:58 | 10-5-2024,21.53,59.71
15:57:58 | 10-5-2024,21.53,59.71
15:58:58 | 10-5-2024,21.52,59.81
15:59:58 | 10-5-2024,21.52,59.87
16:0:58 | 10-5-2024,21.50,59.94
16:1:58 | 10-5-2024,21.49,59.86
16:2:58 | 10-5-2024,21.49,59.94
16:3:58 | 10-5-2024,21.49,59.98
16:4:58 | 10-5-2024,21.50,59.88
16:5:58 | 10-5-2024,21.51,59.83
16:6:58 | 10-5-2024,21.51,59.93
16:7:58 | 10-5-2024,21.52,59.92
16:8:58 | 10-5-2024,21.52,59.89
16:9:58 | 10-5-2024,21.52,59.94
16:10:58 | 10-5-2024,21.51,59.94
16:11:58 | 10-5-2024,21.50,60.06
16:12:58 | 10-5-2024,21.50,60.04
16:13:58 | 10-5-2024,21.46,60.03
16:14:58 | 10-5-2024,21.46,59.90
16:15:58 | 10-5-2024,21.46,59.97
16:16:58 | 10-5-2024,21.48,59.79
16:17:58 | 10-5-2024,21.49,59.82
16:18:58 | 10-5-2024,21.50,59.88
16:19:58 | 10-5-2024,21.46,59.89
16:20:58 | 10-5-2024,21.47,59.89
16:21:58 | 10-5-2024,21.47,59.87
16:22:58 | 10-5-2024,21.44,59.94
16:23:58 | 10-5-2024,21.45,59.92
16:24:58 | 10-5-2024,21.44,59.98
16:25:58 | 10-5-2024,21.44,59.90
16:26:58 | 10-5-2024,21.43,59.91
16:27:58 | 10-5-2024,21.44,59.83
16:28:58 | 10-5-2024,21.44,59.83
16:29:58 | 10-5-2024,21.43,59.72
16:30:58 | 10-5-2024,21.43,59.72
16:31:58 | 10-5-2024,21.41,59.76
16:32:58 | 10-5-2024,21.42,59.75
16:33:58 | 10-5-2024,21.42,59.74
16:34:58 | 10-5-2024,21.42,59.74
16:35:58 | 10-5-2024,21.39,59.95
16:36:58 | 10-5-2024,21.38,60.05
16:37:58 | 10-5-2024,21.41,59.86
16:38:58 | 10-5-2024,21.40,59.84
16:39:58 | 10-5-2024,21.41,59.72
16:40:58 | 10-5-2024,21.41,59.55
16:41:58 | 10-5-2024,21.42,59.61
16:42:58 | 10-5-2024,21.41,59.61
16:43:58 | 10-5-2024,21.41,59.54
16:44:58 | 10-5-2024,21.38,59.66
16:45:58 | 10-5-2024,21.38,59.72
16:46:58 | 10-5-2024,21.38,59.63
16:47:58 | 10-5-2024,21.38,59.71
16:48:58 | 10-5-2024,21.37,59.63
16:49:58 | 10-5-2024,21.37,59.77
16:50:58 | 10-5-2024,21.37,59.81
16:51:58 | 10-5-2024,21.37,59.61
16:52:58 | 10-5-2024,21.38,59.72
16:53:58 | 10-5-2024,21.37,59.75
16:54:58 | 10-5-2024,21.36,59.76
16:55:58 | 10-5-2024,21.38,59.76
16:56:58 | 10-5-2024,21.36,59.71
16:57:58 | 10-5-2024,21.36,59.61
16:58:58 | 10-5-2024,21.36,59.69
16:59:58 | 10-5-2024,21.34,59.94
17:0:58 | 10-5-2024,21.34,59.83
17:1:58 | 10-5-2024,21.30,59.83
17:2:58 | 10-5-2024,21.34,59.91
17:3:58 | 10-5-2024,21.36,59.90
17:4:58 | 10-5-2024,21.35,59.90
17:5:58 | 10-5-2024,21.34,59.99
17:6:58 | 10-5-2024,21.35,59.98
17:7:58 | 10-5-2024,21.35,59.94
17:8:58 | 10-5-2024,21.36,59.76
17:9:58 | 10-5-2024,21.36,59.89
17:10:58 | 10-5-2024,21.34,59.91
17:11:58 | 10-5-2024,21.36,59.93
17:12:58 | 10-5-2024,21.35,59.99
17:13:58 | 10-5-2024,21.34,59.85
17:14:58 | 10-5-2024,21.34,59.92
17:15:58 | 10-5-2024,21.36,59.92
17:16:58 | 10-5-2024,21.36,59.81
17:17:58 | 10-5-2024,21.35,59.84
17:18:58 | 10-5-2024,21.36,59.85
17:19:58 | 10-5-2024,21.35,59.92
17:20:58 | 10-5-2024,21.33,59.98
17:21:58 | 10-5-2024,21.32,59.90
17:22:58 | 10-5-2024,21.34,59.82
17:23:58 | 10-5-2024,21.34,59.81
17:24:58 | 10-5-2024,21.32,59.87
17:25:58 | 10-5-2024,21.30,59.99
17:26:58 | 10-5-2024,21.29,60.06
17:27:58 | 10-5-2024,21.28,60.05
17:28:58 | 10-5-2024,21.28,60.04
17:29:58 | 10-5-2024,21.26,60.03
17:30:58 | 10-5-2024,21.26,60.12
17:31:58 | 10-5-2024,21.26,60.19
17:32:58 | 10-5-2024,21.24,60.30
17:33:58 | 10-5-2024,21.25,60.24
17:34:58 | 10-5-2024,21.25,60.25
17:35:58 | 10-5-2024,21.22,60.20
17:36:58 | 10-5-2024,21.23,60.21
17:37:58 | 10-5-2024,21.22,60.27
17:38:58 | 10-5-2024,21.22,60.35
17:39:58 | 10-5-2024,21.22,60.35
17:40:58 | 10-5-2024,21.20,60.44
17:41:58 | 10-5-2024,21.21,60.35
17:42:58 | 10-5-2024,21.21,60.35
17:43:58 | 10-5-2024,21.21,60.36
17:44:58 | 10-5-2024,21.21,60.28
17:45:58 | 10-5-2024,21.20,60.37
17:46:58 | 10-5-2024,21.18,60.46
17:47:58 | 10-5-2024,21.20,60.37
17:48:58 | 10-5-2024,21.20,60.40
17:49:58 | 10-5-2024,21.20,60.40
17:50:58 | 10-5-2024,21.19,60.41
17:51:58 | 10-5-2024,21.18,60.45
17:52:58 | 10-5-2024,21.18,60.53
17:53:58 | 10-5-2024,21.15,60.62
17:54:58 | 10-5-2024,21.14,60.62
17:55:58 | 10-5-2024,21.14,60.63
17:56:58 | 10-5-2024,21.14,60.59
17:57:58 | 10-5-2024,21.15,60.63
17:58:58 | 10-5-2024,21.13,60.68
17:59:58 | 10-5-2024,21.13,60.68
18:0:58 | 10-5-2024,21.12,60.66
18:1:58 | 10-5-2024,21.12,60.63
18:2:58 | 10-5-2024,21.12,60.57
18:3:58 | 10-5-2024,21.10,60.59
18:4:58 | 10-5-2024,21.10,60.71
18:5:58 | 10-5-2024,21.08,60.69
18:6:58 | 10-5-2024,21.07,60.71
18:7:58 | 10-5-2024,21.08,60.78
18:8:58 | 10-5-2024,21.08,60.78
18:9:58 | 10-5-2024,21.07,60.72
18:10:58 | 10-5-2024,21.06,60.84
18:11:58 | 10-5-2024,21.06,60.83
18:12:58 | 10-5-2024,21.05,60.87
18:13:58 | 10-5-2024,21.04,60.95
18:14:58 | 10-5-2024,21.04,60.92
18:15:58 | 10-5-2024,21.03,60.85
18:16:58 | 10-5-2024,21.03,60.87
18:17:58 | 10-5-2024,21.02,60.90
18:18:58 | 10-5-2024,21.01,61.03
18:19:58 | 10-5-2024,20.98,61.01
18:20:58 | 10-5-2024,21.00,61.03
18:21:58 | 10-5-2024,20.98,61.05
18:22:58 | 10-5-2024,20.98,61.08
18:23:58 | 10-5-2024,20.97,61.09
18:24:58 | 10-5-2024,20.98,61.12
18:25:58 | 10-5-2024,20.96,61.17
18:26:58 | 10-5-2024,20.95,61.19
18:27:58 | 10-5-2024,20.95,61.21
18:28:58 | 10-5-2024,20.94,61.38
18:29:58 | 10-5-2024,20.92,61.53
18:30:58 | 10-5-2024,20.89,61.71
18:31:58 | 10-5-2024,20.87,61.91
18:32:58 | 10-5-2024,20.85,61.86
18:33:58 | 10-5-2024,20.84,61.58
18:34:58 | 10-5-2024,20.81,61.51
18:35:58 | 10-5-2024,20.80,61.46
18:36:58 | 10-5-2024,20.80,61.67
18:37:58 | 10-5-2024,20.79,61.53
18:38:58 | 10-5-2024,20.79,61.08
18:39:58 | 10-5-2024,20.79,60.95
18:40:58 | 10-5-2024,20.77,61.07
18:41:58 | 10-5-2024,20.75,60.97
18:42:58 | 10-5-2024,20.75,61.01
18:43:58 | 10-5-2024,20.74,60.96
18:44:58 | 10-5-2024,20.71,61.13
18:45:58 | 10-5-2024,20.71,60.90
18:46:58 | 10-5-2024,20.72,60.94
18:47:58 | 10-5-2024,20.73,60.85
18:48:58 | 10-5-2024,20.74,60.98
18:49:58 | 10-5-2024,20.72,60.99
18:50:58 | 10-5-2024,20.67,60.93
18:51:58 | 10-5-2024,20.69,61.03
18:52:58 | 10-5-2024,20.70,61.06
18:53:58 | 10-5-2024,20.70,60.90
18:54:58 | 10-5-2024,20.69,60.75
18:55:58 | 10-5-2024,20.68,60.54
18:56:58 | 10-5-2024,20.68,60.47
18:57:58 | 10-5-2024,20.69,60.18
18:58:58 | 10-5-2024,20.69,60.26
18:59:58 | 10-5-2024,20.69,59.65
19:0:58 | 10-5-2024,20.68,59.46
19:1:58 | 10-5-2024,20.67,59.21
19:2:58 | 10-5-2024,20.67,59.48
19:3:58 | 10-5-2024,20.67,59.61
19:4:58 | 10-5-2024,20.67,59.83
19:5:58 | 10-5-2024,20.69,60.01
19:6:58 | 10-5-2024,20.69,60.14
19:7:58 | 10-5-2024,20.67,60.33
19:8:58 | 10-5-2024,20.67,60.51
19:9:58 | 10-5-2024,20.69,60.62
19:10:58 | 10-5-2024,20.69,60.68
19:11:58 | 10-5-2024,20.69,60.74
19:12:58 | 10-5-2024,20.70,60.85
19:13:58 | 10-5-2024,20.72,60.91
19:14:58 | 10-5-2024,20.70,60.98
19:15:58 | 10-5-2024,20.71,60.90
19:16:58 | 10-5-2024,20.72,60.94
19:17:58 | 10-5-2024,20.72,60.94
19:18:58 | 10-5-2024,20.73,60.96
19:19:58 | 10-5-2024,20.73,60.99
19:20:58 | 10-5-2024,20.72,61.10
19:21:58 | 10-5-2024,20.74,61.28
19:22:58 | 10-5-2024,20.74,61.45
19:23:58 | 10-5-2024,20.74,61.44
19:24:58 | 10-5-2024,20.74,61.83
19:25:58 | 10-5-2024,20.75,62.06
19:26:58 | 10-5-2024,20.74,61.96
19:27:58 | 10-5-2024,20.74,61.90
19:28:58 | 10-5-2024,20.70,61.89
19:29:58 | 10-5-2024,20.70,61.81
19:30:58 | 10-5-2024,20.69,61.78
19:31:58 | 10-5-2024,20.70,61.91
19:32:58 | 10-5-2024,20.62,61.66
19:33:58 | 10-5-2024,20.42,61.76
19:34:58 | 10-5-2024,20.20,62.23
19:35:58 | 10-5-2024,20.00,62.94
19:36:58 | 10-5-2024,19.84,63.51
19:37:58 | 10-5-2024,19.69,64.06
19:38:58 | 10-5-2024,19.56,64.36
19:39:58 | 10-5-2024,19.47,64.81
19:40:58 | 10-5-2024,19.42,65.25
19:41:58 | 10-5-2024,19.38,65.43
19:42:58 | 10-5-2024,19.34,65.67
19:43:58 | 10-5-2024,19.30,65.75
19:44:58 | 10-5-2024,19.18,66.05
19:45:58 | 10-5-2024,19.09,66.44
19:46:58 | 10-5-2024,19.03,66.47
19:47:58 | 10-5-2024,18.96,66.69
19:48:58 | 10-5-2024,18.92,66.62
19:49:58 | 10-5-2024,18.87,66.87
19:50:58 | 10-5-2024,18.82,67.15
19:51:58 | 10-5-2024,18.80,67.34
19:52:58 | 10-5-2024,18.83,67.55
19:53:58 | 10-5-2024,18.88,67.93
19:54:58 | 10-5-2024,18.88,67.35
19:55:58 | 10-5-2024,18.90,67.54
19:56:58 | 10-5-2024,18.92,67.54
19:57:58 | 10-5-2024,18.92,67.18
19:58:58 | 10-5-2024,18.89,67.10
19:59:58 | 10-5-2024,18.90,67.28
20:0:58 | 10-5-2024,18.88,67.36
20:1:58 | 10-5-2024,18.87,67.34
20:2:58 | 10-5-2024,18.85,67.62
20:3:58 | 10-5-2024,18.87,67.71
20:4:58 | 10-5-2024,18.87,67.43
20:5:58 | 10-5-2024,18.86,67.13
20:6:58 | 10-5-2024,18.83,66.92
20:7:58 | 10-5-2024,18.81,67.11
20:8:58 | 10-5-2024,18.84,67.39
20:9:58 | 10-5-2024,18.83,67.23
20:10:58 | 10-5-2024,18.79,67.04
20:11:58 | 10-5-2024,18.78,67.10
20:12:58 | 10-5-2024,18.75,67.28
20:13:58 | 10-5-2024,18.77,67.38
20:14:58 | 10-5-2024,18.80,67.89
20:15:58 | 10-5-2024,18.80,67.86
20:16:58 | 10-5-2024,18.80,67.98
20:17:58 | 10-5-2024,18.80,67.83
20:18:58 | 10-5-2024,18.82,67.93
20:19:58 | 10-5-2024,18.81,67.79
20:20:58 | 10-5-2024,18.80,67.67
20:21:58 | 10-5-2024,18.80,67.77
20:22:58 | 10-5-2024,18.79,67.65
20:23:58 | 10-5-2024,18.78,67.76
20:24:58 | 10-5-2024,18.78,68.00
20:25:58 | 10-5-2024,18.80,67.91
20:26:58 | 10-5-2024,18.77,67.79
20:27:58 | 10-5-2024,18.75,67.84
20:28:58 | 10-5-2024,18.76,67.80
20:29:58 | 10-5-2024,18.79,68.03
20:30:58 | 10-5-2024,18.83,67.97
20:31:58 | 10-5-2024,18.80,67.58
20:32:58 | 10-5-2024,18.75,67.46
20:33:58 | 10-5-2024,18.70,67.50
20:34:58 | 10-5-2024,18.68,67.60
20:35:58 | 10-5-2024,18.67,67.86
20:36:58 | 10-5-2024,18.68,68.00
20:37:58 | 10-5-2024,18.69,68.05
20:38:58 | 10-5-2024,18.69,67.93
20:39:58 | 10-5-2024,18.66,67.75
20:40:58 | 10-5-2024,18.65,67.80
20:41:58 | 10-5-2024,18.66,67.89
20:42:58 | 10-5-2024,18.69,68.10
20:43:58 | 10-5-2024,18.70,67.88
20:44:58 | 10-5-2024,18.68,67.71
20:45:58 | 10-5-2024,18.65,67.51
20:46:58 | 10-5-2024,18.65,67.74
20:47:58 | 10-5-2024,18.63,67.85
20:48:58 | 10-5-2024,18.61,67.84
20:49:58 | 10-5-2024,18.57,67.86
20:50:58 | 10-5-2024,18.54,67.76
20:51:58 | 10-5-2024,18.52,67.95
20:52:58 | 10-5-2024,18.50,68.04
20:53:58 | 10-5-2024,18.51,68.06
20:54:58 | 10-5-2024,18.51,67.89
20:55:58 | 10-5-2024,18.52,68.23
20:56:58 | 10-5-2024,18.56,68.44
20:57:58 | 10-5-2024,18.58,68.28
20:58:58 | 10-5-2024,18.57,68.08
20:59:58 | 10-5-2024,18.62,68.38
21:0:58 | 10-5-2024,18.62,68.13
21:1:58 | 10-5-2024,18.62,67.86
21:2:58 | 10-5-2024,18.63,67.92
21:3:58 | 10-5-2024,18.61,67.75
21:4:58 | 10-5-2024,18.61,67.57
21:5:58 | 10-5-2024,18.60,67.57
21:6:58 | 10-5-2024,18.60,67.61
21:7:58 | 10-5-2024,18.56,67.56
21:8:58 | 10-5-2024,18.57,67.61
21:9:58 | 10-5-2024,18.57,67.49
21:10:58 | 10-5-2024,18.54,67.39
21:11:58 | 10-5-2024,18.56,67.65
21:12:58 | 10-5-2024,18.57,67.56
21:13:58 | 10-5-2024,18.56,67.55
21:14:58 | 10-5-2024,18.54,67.39
21:15:58 | 10-5-2024,18.52,67.26
21:16:58 | 10-5-2024,18.52,67.42
21:17:58 | 10-5-2024,18.52,67.29
21:18:58 | 10-5-2024,18.52,67.33
21:19:58 | 10-5-2024,18.47,67.34
21:20:58 | 10-5-2024,18.47,67.32
21:21:58 | 10-5-2024,18.45,67.23
21:22:58 | 10-5-2024,18.43,67.27
21:23:58 | 10-5-2024,18.43,67.30
21:24:58 | 10-5-2024,18.42,67.32
21:25:58 | 10-5-2024,18.39,67.65
21:26:58 | 10-5-2024,18.40,67.85
21:27:58 | 10-5-2024,18.39,67.80
21:28:58 | 10-5-2024,18.39,67.73
21:29:58 | 10-5-2024,18.37,67.82
21:30:58 | 10-5-2024,18.36,67.62
21:31:58 | 10-5-2024,18.37,67.58
21:32:58 | 10-5-2024,18.34,67.64
21:33:58 | 10-5-2024,18.30,67.50
21:34:58 | 10-5-2024,18.27,67.72
21:35:58 | 10-5-2024,18.24,67.88
21:36:58 | 10-5-2024,18.22,67.99
21:37:58 | 10-5-2024,18.19,68.26
21:38:58 | 10-5-2024,18.29,68.96
21:39:58 | 10-5-2024,18.50,69.04
21:40:58 | 10-5-2024,18.71,68.62
21:41:58 | 10-5-2024,18.89,68.35
21:42:58 | 10-5-2024,18.97,67.88
21:43:58 | 10-5-2024,18.98,67.52
21:44:58 | 10-5-2024,19.04,67.32
21:45:58 | 10-5-2024,19.08,67.23
21:46:58 | 10-5-2024,19.12,67.19
21:47:58 | 10-5-2024,19.14,67.08
21:48:58 | 10-5-2024,19.15,66.96
21:49:58 | 10-5-2024,19.19,66.66
21:50:58 | 10-5-2024,19.20,66.67
21:51:58 | 10-5-2024,19.22,66.72
21:52:58 | 10-5-2024,19.23,66.66
21:53:58 | 10-5-2024,19.23,66.78
21:54:58 | 10-5-2024,19.24,66.66
21:55:58 | 10-5-2024,19.28,66.67
21:56:58 | 10-5-2024,19.30,66.46
21:57:58 | 10-5-2024,19.32,66.59
21:58:58 | 10-5-2024,19.34,66.43
21:59:58 | 10-5-2024,19.33,66.42
22:0:58 | 10-5-2024,19.33,66.33
22:1:57 | 10-5-2024,19.34,66.46
22:2:58 | 10-5-2024,19.36,66.66
22:3:58 | 10-5-2024,19.38,66.56
22:4:57 | 10-5-2024,19.37,66.41
22:5:58 | 10-5-2024,19.37,66.32
22:6:58 | 10-5-2024,19.40,66.28
22:7:57 | 10-5-2024,19.40,66.13
22:8:58 | 10-5-2024,19.40,66.14
22:9:58 | 10-5-2024,19.41,66.14
22:10:57 | 10-5-2024,19.40,66.17
22:11:58 | 10-5-2024,19.39,66.19
22:12:58 | 10-5-2024,19.41,66.12
22:13:57 | 10-5-2024,19.38,66.09
22:14:58 | 10-5-2024,19.39,65.93
22:15:58 | 10-5-2024,19.37,65.87
22:16:57 | 10-5-2024,19.38,65.82
22:17:58 | 10-5-2024,19.39,65.94
22:18:58 | 10-5-2024,19.37,65.80
22:19:58 | 10-5-2024,19.35,65.99
22:20:58 | 10-5-2024,19.36,65.95
22:21:58 | 10-5-2024,19.35,66.07
22:22:58 | 10-5-2024,19.39,66.04
22:23:58 | 10-5-2024,19.36,66.18
22:24:57 | 10-5-2024,19.37,66.15
22:25:58 | 10-5-2024,19.35,66.18
22:26:58 | 10-5-2024,19.35,66.33
22:27:57 | 10-5-2024,19.35,66.29
22:28:58 | 10-5-2024,19.35,66.33
22:29:58 | 10-5-2024,19.39,66.40
22:30:57 | 10-5-2024,19.35,66.61
22:31:58 | 10-5-2024,19.37,66.57
22:32:58 | 10-5-2024,19.37,66.39
22:33:57 | 10-5-2024,19.36,66.41
22:34:58 | 10-5-2024,19.34,66.42
22:35:58 | 10-5-2024,19.38,66.62
22:36:57 | 10-5-2024,19.39,66.35
22:37:58 | 10-5-2024,19.35,66.58
22:38:58 | 10-5-2024,19.39,66.56
22:39:57 | 10-5-2024,19.38,66.86
22:40:58 | 10-5-2024,19.38,66.80
22:41:58 | 10-5-2024,19.40,66.93
22:42:57 | 10-5-2024,19.39,66.95
22:43:58 | 10-5-2024,19.41,66.88
22:44:58 | 10-5-2024,19.42,67.11
22:45:57 | 10-5-2024,19.42,67.21
22:46:58 | 10-5-2024,19.41,66.65
22:47:58 | 10-5-2024,19.38,66.32
22:48:57 | 10-5-2024,19.36,66.35
22:49:58 | 10-5-2024,19.34,66.37
22:50:58 | 10-5-2024,19.30,66.62
22:51:57 | 10-5-2024,19.29,66.61
22:52:58 | 10-5-2024,19.27,66.52
22:53:57 | 10-5-2024,19.25,66.80
22:54:58 | 10-5-2024,19.25,67.04
22:55:58 | 10-5-2024,19.24,66.90
22:56:57 | 10-5-2024,19.24,67.00
22:57:58 | 10-5-2024,19.26,66.95
22:58:57 | 10-5-2024,19.25,66.80
22:59:58 | 10-5-2024,19.24,66.45
23:0:58 | 10-5-2024,19.26,66.70
23:1:57 | 10-5-2024,19.28,66.83
23:2:58 | 10-5-2024,19.29,66.79
23:3:57 | 10-5-2024,19.29,66.65
23:4:57 | 10-5-2024,19.31,67.03
23:5:58 | 10-5-2024,19.31,66.77
23:6:57 | 10-5-2024,19.32,66.29
23:7:57 | 10-5-2024,19.32,65.79
23:8:58 | 10-5-2024,19.27,66.00
23:9:57 | 10-5-2024,19.23,66.20
23:10:58 | 10-5-2024,19.21,66.28
23:11:57 | 10-5-2024,19.19,66.35
23:12:57 | 10-5-2024,19.16,66.51
23:13:58 | 10-5-2024,19.16,66.80
23:14:57 | 10-5-2024,19.17,66.91
23:15:58 | 10-5-2024,19.19,66.94
23:16:57 | 10-5-2024,19.15,67.15
23:17:57 | 10-5-2024,19.17,67.36
23:18:58 | 10-5-2024,19.17,67.47
23:19:57 | 10-5-2024,19.21,67.45
23:20:57 | 10-5-2024,19.22,67.45
23:21:58 | 10-5-2024,19.24,67.36
23:22:57 | 10-5-2024,19.24,67.59
23:23:58 | 10-5-2024,19.23,67.65
23:24:57 | 10-5-2024,19.23,67.75
23:25:57 | 10-5-2024,19.22,67.84
23:26:58 | 10-5-2024,19.24,67.83
23:27:57 | 10-5-2024,19.23,67.86
23:28:57 | 10-5-2024,19.22,67.98
23:29:58 | 10-5-2024,19.26,67.88
23:30:57 | 10-5-2024,19.24,67.98
23:31:57 | 10-5-2024,19.27,68.13
23:32:57 | 10-5-2024,19.27,68.18
23:33:57 | 10-5-2024,19.31,68.12
23:34:58 | 10-5-2024,19.29,68.13
23:35:57 | 10-5-2024,19.28,68.09
23:36:57 | 10-5-2024,19.28,68.09
23:37:58 | 10-5-2024,19.31,68.05
23:38:57 | 10-5-2024,19.29,67.97
23:39:57 | 10-5-2024,19.27,68.04
23:40:58 | 10-5-2024,19.29,68.05
23:41:57 | 10-5-2024,19.29,68.06
23:42:57 | 10-5-2024,19.29,67.96
23:43:58 | 10-5-2024,19.26,68.07
23:44:57 | 10-5-2024,19.27,68.18
23:45:57 | 10-5-2024,19.27,68.53
23:46:58 | 10-5-2024,19.27,68.44
23:47:57 | 10-5-2024,19.30,68.30
23:48:57 | 10-5-2024,19.26,68.21
23:49:58 | 10-5-2024,19.26,68.33
23:50:57 | 10-5-2024,19.26,68.23
23:51:57 | 10-5-2024,19.27,68.18
23:52:57 | 10-5-2024,19.27,68.12
23:53:57 | 10-5-2024,19.24,68.46
23:54:57 | 10-5-2024,19.26,68.56
23:55:57 | 10-5-2024,19.28,68.40
23:56:57 | 10-5-2024,19.27,68.48
23:57:58 | 10-5-2024,19.27,68.65
23:58:57 | 10-5-2024,19.27,68.67
23:59:57 | 10-5-2024,19.26,68.80
0:0:57 | 11-5-2024,19.27,68.69
0:1:57 | 11-5-2024,19.25,67.99
0:2:57 | 11-5-2024,19.21,67.80
0:3:57 | 11-5-2024,19.15,67.79
0:4:57 | 11-5-2024,19.09,67.91
0:5:57 | 11-5-2024,19.04,67.89
0:6:57 | 11-5-2024,18.98,67.84
0:7:57 | 11-5-2024,18.95,67.79
0:8:57 | 11-5-2024,18.93,68.29
0:9:58 | 11-5-2024,18.91,68.34
0:10:57 | 11-5-2024,18.89,68.43
0:11:57 | 11-5-2024,18.92,68.33
0:12:57 | 11-5-2024,18.92,68.31
0:13:57 | 11-5-2024,18.94,68.39
0:14:57 | 11-5-2024,18.97,68.23
0:15:57 | 11-5-2024,18.95,68.18
0:16:57 | 11-5-2024,18.96,68.22
0:17:57 | 11-5-2024,18.98,68.27
0:18:57 | 11-5-2024,18.96,68.32
0:19:57 | 11-5-2024,18.98,68.39
0:20:57 | 11-5-2024,19.00,68.27
0:21:57 | 11-5-2024,19.01,68.12
0:22:57 | 11-5-2024,19.00,68.19
0:23:57 | 11-5-2024,19.02,68.23
0:24:57 | 11-5-2024,18.99,68.23
0:25:57 | 11-5-2024,19.00,68.19
0:26:57 | 11-5-2024,19.00,68.30
0:27:57 | 11-5-2024,18.99,68.36
0:28:57 | 11-5-2024,18.98,68.36
0:29:57 | 11-5-2024,18.99,68.28
0:30:57 | 11-5-2024,19.00,68.20
0:31:57 | 11-5-2024,18.97,68.23
0:32:57 | 11-5-2024,18.95,68.32
0:33:57 | 11-5-2024,18.96,68.34
0:34:57 | 11-5-2024,18.98,68.33
0:35:57 | 11-5-2024,18.99,68.25
0:36:57 | 11-5-2024,18.98,68.10
0:37:57 | 11-5-2024,18.98,68.06
0:38:57 | 11-5-2024,18.98,68.16
0:39:57 | 11-5-2024,18.98,68.06
0:40:57 | 11-5-2024,18.98,68.02
0:41:57 | 11-5-2024,18.98,68.20
0:42:57 | 11-5-2024,18.95,68.17
0:43:57 | 11-5-2024,18.95,68.27
0:44:57 | 11-5-2024,18.96,68.16
0:45:57 | 11-5-2024,18.97,68.03
0:46:57 | 11-5-2024,18.96,67.92
0:47:57 | 11-5-2024,18.95,68.02
0:48:57 | 11-5-2024,18.94,68.05
0:49:57 | 11-5-2024,18.95,68.02
0:50:57 | 11-5-2024,18.95,68.15
0:51:57 | 11-5-2024,18.98,68.16
0:52:57 | 11-5-2024,18.95,68.23
0:53:57 | 11-5-2024,18.95,68.21
0:54:57 | 11-5-2024,18.97,68.19
0:55:57 | 11-5-2024,18.97,68.15
0:56:57 | 11-5-2024,18.93,68.21
0:57:57 | 11-5-2024,18.97,68.08
0:58:57 | 11-5-2024,18.96,68.02
0:59:57 | 11-5-2024,18.95,68.02
1:0:57 | 11-5-2024,18.93,68.07
1:1:57 | 11-5-2024,18.92,68.05
1:2:57 | 11-5-2024,18.95,68.05
1:3:57 | 11-5-2024,18.97,68.13
1:4:57 | 11-5-2024,18.93,67.81
1:5:57 | 11-5-2024,18.93,67.85
1:6:57 | 11-5-2024,18.92,67.94
1:7:57 | 11-5-2024,18.91,67.83
1:8:57 | 11-5-2024,18.88,67.82
1:9:57 | 11-5-2024,18.88,67.96
1:10:57 | 11-5-2024,18.88,67.84
1:11:57 | 11-5-2024,18.87,67.84
1:12:57 | 11-5-2024,18.90,67.71
1:13:57 | 11-5-2024,18.87,67.72
1:14:57 | 11-5-2024,18.87,67.72
1:15:57 | 11-5-2024,18.87,67.59
1:16:57 | 11-5-2024,18.86,67.68
1:17:57 | 11-5-2024,18.85,67.50
1:18:57 | 11-5-2024,18.86,67.47
1:19:57 | 11-5-2024,18.83,67.45
1:20:57 | 11-5-2024,18.83,67.48
1:21:57 | 11-5-2024,18.84,67.48
1:22:57 | 11-5-2024,18.84,67.36
1:23:57 | 11-5-2024,18.84,67.28
1:24:57 | 11-5-2024,18.83,67.34
1:25:57 | 11-5-2024,18.80,67.43
1:26:57 | 11-5-2024,18.78,67.32
1:27:57 | 11-5-2024,18.80,67.15
1:28:57 | 11-5-2024,18.83,67.21
1:29:57 | 11-5-2024,18.81,67.32
1:30:57 | 11-5-2024,18.79,67.23
1:31:57 | 11-5-2024,18.80,67.26
1:32:57 | 11-5-2024,18.81,67.27
1:33:57 | 11-5-2024,18.82,67.14
1:34:57 | 11-5-2024,18.79,67.06
1:35:57 | 11-5-2024,18.82,67.07
1:36:57 | 11-5-2024,18.81,67.02
1:37:57 | 11-5-2024,18.80,66.93
1:38:57 | 11-5-2024,18.80,66.91
1:39:57 | 11-5-2024,18.77,66.94
1:40:57 | 11-5-2024,18.75,66.84
1:41:57 | 11-5-2024,18.76,66.87
1:42:57 | 11-5-2024,18.73,66.85
1:43:57 | 11-5-2024,18.71,66.89
1:44:57 | 11-5-2024,18.73,66.86
1:45:57 | 11-5-2024,18.73,66.79
1:46:57 | 11-5-2024,18.71,66.84
1:47:57 | 11-5-2024,18.69,66.73
1:48:57 | 11-5-2024,18.67,66.81
1:49:57 | 11-5-2024,18.66,66.89
1:50:57 | 11-5-2024,18.65,66.87
1:51:57 | 11-5-2024,18.61,66.95
1:52:57 | 11-5-2024,18.62,66.96
1:53:57 | 11-5-2024,18.64,66.85
1:54:57 | 11-5-2024,18.63,66.79
1:55:57 | 11-5-2024,18.62,66.86
1:56:57 | 11-5-2024,18.61,66.83
1:57:57 | 11-5-2024,18.60,66.88
1:58:57 | 11-5-2024,18.59,66.83
1:59:57 | 11-5-2024,18.58,66.94
2:0:57 | 11-5-2024,18.55,66.95
2:1:57 | 11-5-2024,18.57,67.08
2:2:57 | 11-5-2024,18.53,66.99
2:3:57 | 11-5-2024,18.53,67.07
2:4:57 | 11-5-2024,18.52,67.19
2:5:57 | 11-5-2024,18.54,67.17
2:6:57 | 11-5-2024,18.54,67.18
2:7:57 | 11-5-2024,18.52,67.16
2:8:57 | 11-5-2024,18.56,67.13
2:9:57 | 11-5-2024,18.57,67.09
2:10:57 | 11-5-2024,18.56,67.16
2:11:57 | 11-5-2024,18.56,67.16
2:12:57 | 11-5-2024,18.55,67.13
2:13:57 | 11-5-2024,18.54,67.23
2:14:57 | 11-5-2024,18.53,67.16
2:15:57 | 11-5-2024,18.53,67.15
2:16:57 | 11-5-2024,18.55,67.16
2:17:57 | 11-5-2024,18.55,66.95
2:18:57 | 11-5-2024,18.54,66.90
2:19:57 | 11-5-2024,18.55,66.89
2:20:57 | 11-5-2024,18.54,66.92
2:21:57 | 11-5-2024,18.54,66.81
2:22:57 | 11-5-2024,18.53,66.84
2:23:57 | 11-5-2024,18.53,66.91
2:24:57 | 11-5-2024,18.53,66.88
2:25:57 | 11-5-2024,18.53,66.76
2:26:57 | 11-5-2024,18.52,66.83
2:27:57 | 11-5-2024,18.53,66.93
2:28:57 | 11-5-2024,18.52,66.81
2:29:57 | 11-5-2024,18.51,66.96
2:30:57 | 11-5-2024,18.51,66.94
2:31:57 | 11-5-2024,18.53,66.88
2:32:57 | 11-5-2024,18.48,66.96
2:33:57 | 11-5-2024,18.52,66.96
2:34:57 | 11-5-2024,18.49,66.72
2:35:57 | 11-5-2024,18.49,66.69
2:36:57 | 11-5-2024,18.49,66.65
2:37:57 | 11-5-2024,18.46,66.73
2:38:57 | 11-5-2024,18.46,66.77
2:39:57 | 11-5-2024,18.45,66.59
2:40:57 | 11-5-2024,18.48,66.61
2:41:57 | 11-5-2024,18.48,66.47
2:42:57 | 11-5-2024,18.50,66.60
2:43:57 | 11-5-2024,18.48,66.70
2:44:57 | 11-5-2024,18.48,66.63
2:45:57 | 11-5-2024,18.46,66.66
2:46:57 | 11-5-2024,18.44,66.47
2:47:57 | 11-5-2024,18.42,66.51
2:48:57 | 11-5-2024,18.39,66.57
2:49:57 | 11-5-2024,18.42,66.69
2:50:57 | 11-5-2024,18.42,66.73
2:51:57 | 11-5-2024,18.43,66.75
2:52:57 | 11-5-2024,18.43,66.70
2:53:57 | 11-5-2024,18.41,66.78
2:54:57 | 11-5-2024,18.43,66.68
2:55:57 | 11-5-2024,18.42,66.55
2:56:57 | 11-5-2024,18.40,66.59
2:57:57 | 11-5-2024,18.42,66.58
2:58:57 | 11-5-2024,18.39,66.43
2:59:57 | 11-5-2024,18.38,66.51
3:0:57 | 11-5-2024,18.38,66.58
3:1:57 | 11-5-2024,18.35,66.61
3:2:57 | 11-5-2024,18.37,66.56
3:3:57 | 11-5-2024,18.37,66.72
3:4:57 | 11-5-2024,18.34,66.71
3:5:57 | 11-5-2024,18.34,66.75
3:6:57 | 11-5-2024,18.36,66.79
3:7:57 | 11-5-2024,18.33,66.77
3:8:57 | 11-5-2024,18.33,66.83
3:9:57 | 11-5-2024,18.32,66.88
3:10:57 | 11-5-2024,18.33,67.01
3:11:57 | 11-5-2024,18.32,67.05
3:12:57 | 11-5-2024,18.33,67.12
3:13:57 | 11-5-2024,18.37,67.19
3:14:57 | 11-5-2024,18.38,67.21
3:15:57 | 11-5-2024,18.36,67.04
3:16:57 | 11-5-2024,18.35,66.95
3:17:57 | 11-5-2024,18.37,67.11
3:18:57 | 11-5-2024,18.37,67.16
3:19:57 | 11-5-2024,18.39,67.07
3:20:57 | 11-5-2024,18.39,67.03
3:21:57 | 11-5-2024,18.39,67.13
3:22:57 | 11-5-2024,18.38,67.26
3:23:57 | 11-5-2024,18.38,67.19
3:24:57 | 11-5-2024,18.40,67.30
3:25:57 | 11-5-2024,18.43,67.21
3:26:57 | 11-5-2024,18.42,67.15
3:27:57 | 11-5-2024,18.44,67.08
3:28:57 | 11-5-2024,18.46,66.98
3:29:57 | 11-5-2024,18.47,67.00
3:30:57 | 11-5-2024,18.46,66.94
3:31:57 | 11-5-2024,18.48,66.99
3:32:57 | 11-5-2024,18.47,66.83
3:33:57 | 11-5-2024,18.46,66.98
3:34:57 | 11-5-2024,18.51,66.86
3:35:57 | 11-5-2024,18.48,66.71
3:36:57 | 11-5-2024,18.46,66.62
3:37:57 | 11-5-2024,18.46,66.65
3:38:57 | 11-5-2024,18.46,66.68
3:39:57 | 11-5-2024,18.48,66.47
3:40:57 | 11-5-2024,18.48,66.58
3:41:57 | 11-5-2024,18.51,66.48
3:42:57 | 11-5-2024,18.49,66.56
3:43:57 | 11-5-2024,18.48,66.69
3:44:57 | 11-5-2024,18.50,66.56
3:45:57 | 11-5-2024,18.54,66.48
3:46:57 | 11-5-2024,18.53,66.26
3:47:57 | 11-5-2024,18.52,66.31
3:48:57 | 11-5-2024,18.53,66.23
3:49:57 | 11-5-2024,18.54,65.98
3:50:57 | 11-5-2024,18.54,65.79
3:51:57 | 11-5-2024,18.55,65.76
3:52:57 | 11-5-2024,18.55,65.66
3:53:57 | 11-5-2024,18.54,65.62
3:54:57 | 11-5-2024,18.54,65.81
3:55:57 | 11-5-2024,18.52,65.78
3:56:57 | 11-5-2024,18.53,65.71
3:57:57 | 11-5-2024,18.53,65.73
3:58:57 | 11-5-2024,18.54,65.75
3:59:57 | 11-5-2024,18.55,65.71
4:0:57 | 11-5-2024,18.55,65.63
4:1:57 | 11-5-2024,18.53,65.69
4:2:57 | 11-5-2024,18.57,65.62
4:3:57 | 11-5-2024,18.55,65.58
4:4:57 | 11-5-2024,18.54,65.59
4:5:57 | 11-5-2024,18.55,65.71
4:6:57 | 11-5-2024,18.57,65.71
4:7:57 | 11-5-2024,18.55,65.86
4:8:57 | 11-5-2024,18.54,65.98
4:9:57 | 11-5-2024,18.54,65.83
4:10:57 | 11-5-2024,18.56,65.82
4:11:57 | 11-5-2024,18.56,65.96
4:12:57 | 11-5-2024,18.58,65.80
4:13:57 | 11-5-2024,18.54,65.89
4:14:57 | 11-5-2024,18.56,65.61
4:15:57 | 11-5-2024,18.55,65.68
4:16:57 | 11-5-2024,18.54,65.75
4:17:57 | 11-5-2024,18.55,65.68
4:18:57 | 11-5-2024,18.51,65.67
4:19:57 | 11-5-2024,18.56,65.91
4:20:57 | 11-5-2024,18.56,65.79
4:21:57 | 11-5-2024,18.56,65.84
4:22:57 | 11-5-2024,18.56,65.71
4:23:57 | 11-5-2024,18.57,65.77
4:24:57 | 11-5-2024,18.57,65.65
4:25:57 | 11-5-2024,18.57,65.64
4:26:57 | 11-5-2024,18.59,65.64
4:27:57 | 11-5-2024,18.58,65.82
4:28:57 | 11-5-2024,18.60,65.64
4:29:57 | 11-5-2024,18.58,65.62
4:30:57 | 11-5-2024,18.61,65.66
4:31:57 | 11-5-2024,18.62,65.69
4:32:57 | 11-5-2024,18.63,65.67
4:33:57 | 11-5-2024,18.64,65.73
4:34:57 | 11-5-2024,18.61,65.69
4:35:57 | 11-5-2024,18.60,65.65
4:36:57 | 11-5-2024,18.61,65.61
4:37:57 | 11-5-2024,18.62,65.58
4:38:57 | 11-5-2024,18.60,65.42
4:39:57 | 11-5-2024,18.59,65.51
4:40:57 | 11-5-2024,18.62,65.36
4:41:57 | 11-5-2024,18.60,65.49
4:42:57 | 11-5-2024,18.61,65.28
4:43:57 | 11-5-2024,18.62,65.41
4:44:57 | 11-5-2024,18.58,65.56
4:45:57 | 11-5-2024,18.59,65.48
4:46:57 | 11-5-2024,18.57,65.32
4:47:57 | 11-5-2024,18.53,65.73
4:48:57 | 11-5-2024,18.52,65.65
4:49:57 | 11-5-2024,18.51,65.63
4:50:57 | 11-5-2024,18.47,65.60
4:51:57 | 11-5-2024,18.45,65.62
4:52:57 | 11-5-2024,18.46,65.70
4:53:57 | 11-5-2024,18.41,65.37
4:54:57 | 11-5-2024,18.38,65.32
4:55:57 | 11-5-2024,18.35,65.30
4:56:57 | 11-5-2024,18.33,65.23
4:57:57 | 11-5-2024,18.28,65.46
4:58:57 | 11-5-2024,18.28,65.46
4:59:57 | 11-5-2024,18.25,65.49
5:0:57 | 11-5-2024,18.26,65.39
5:1:57 | 11-5-2024,18.26,65.35
5:2:57 | 11-5-2024,18.25,65.44
5:3:57 | 11-5-2024,18.22,65.27
5:4:57 | 11-5-2024,18.22,65.33
5:5:57 | 11-5-2024,18.20,65.41
5:6:57 | 11-5-2024,18.19,65.56
5:7:57 | 11-5-2024,18.22,65.58
5:8:57 | 11-5-2024,18.15,65.46
5:9:57 | 11-5-2024,18.13,65.62
5:10:57 | 11-5-2024,18.11,65.58
5:11:57 | 11-5-2024,18.11,65.48
5:12:57 | 11-5-2024,18.08,65.46
5:13:57 | 11-5-2024,18.05,65.59
5:14:57 | 11-5-2024,18.03,65.68
5:15:57 | 11-5-2024,17.98,65.79
5:16:57 | 11-5-2024,17.96,65.85
5:17:57 | 11-5-2024,17.97,66.07
5:18:57 | 11-5-2024,17.97,65.99
5:19:57 | 11-5-2024,17.95,66.04
5:20:57 | 11-5-2024,17.92,66.04
5:21:57 | 11-5-2024,17.91,66.07
5:22:57 | 11-5-2024,17.90,66.30
5:23:57 | 11-5-2024,17.92,66.24
5:24:57 | 11-5-2024,17.86,66.37
5:25:57 | 11-5-2024,17.88,66.51
5:26:57 | 11-5-2024,17.89,66.33
5:27:57 | 11-5-2024,17.84,66.59
5:28:57 | 11-5-2024,17.90,66.59
5:29:57 | 11-5-2024,17.86,66.57
5:30:57 | 11-5-2024,17.86,66.57
5:31:57 | 11-5-2024,17.85,66.64
5:32:57 | 11-5-2024,17.87,66.57
5:33:57 | 11-5-2024,17.87,66.69
5:34:57 | 11-5-2024,17.87,66.66
5:35:57 | 11-5-2024,17.89,66.62
5:36:57 | 11-5-2024,17.90,66.52
5:37:57 | 11-5-2024,17.89,66.42
5:38:57 | 11-5-2024,17.92,66.48
5:39:57 | 11-5-2024,17.92,66.38
5:40:57 | 11-5-2024,17.91,66.51
5:41:57 | 11-5-2024,17.93,66.26
5:42:57 | 11-5-2024,17.94,66.26
5:43:57 | 11-5-2024,17.87,66.35
5:44:57 | 11-5-2024,17.88,66.42
5:45:57 | 11-5-2024,17.88,66.33
5:46:57 | 11-5-2024,17.89,66.37
5:47:57 | 11-5-2024,17.92,66.32
5:48:57 | 11-5-2024,17.90,66.23
5:49:57 | 11-5-2024,17.89,66.23
5:50:57 | 11-5-2024,17.89,66.28
5:51:57 | 11-5-2024,17.88,66.41
5:52:57 | 11-5-2024,17.87,66.36
5:53:57 | 11-5-2024,17.87,66.26
5:54:57 | 11-5-2024,17.90,66.20
5:55:57 | 11-5-2024,17.91,66.14
5:56:57 | 11-5-2024,17.92,66.16
5:57:57 | 11-5-2024,17.93,66.10
5:58:57 | 11-5-2024,17.93,65.98
5:59:57 | 11-5-2024,17.92,66.04
6:0:57 | 11-5-2024,17.91,66.04
6:1:57 | 11-5-2024,17.88,66.19
6:2:57 | 11-5-2024,17.91,66.30
6:3:57 | 11-5-2024,17.92,66.09
6:4:57 | 11-5-2024,17.92,66.06
6:5:57 | 11-5-2024,17.91,66.06
6:6:57 | 11-5-2024,17.89,66.00
6:7:57 | 11-5-2024,17.85,65.98
6:8:57 | 11-5-2024,17.85,66.07
6:9:57 | 11-5-2024,17.85,66.12
6:10:57 | 11-5-2024,17.87,66.20
6:11:57 | 11-5-2024,17.85,66.25
6:12:57 | 11-5-2024,17.85,66.15
6:13:57 | 11-5-2024,17.83,66.28
6:14:57 | 11-5-2024,17.84,66.30
6:15:57 | 11-5-2024,17.86,66.18
6:16:57 | 11-5-2024,17.84,66.30
6:17:57 | 11-5-2024,17.85,66.33
6:18:57 | 11-5-2024,17.87,66.27
6:19:57 | 11-5-2024,17.80,66.27
6:20:57 | 11-5-2024,17.83,66.31
6:21:57 | 11-5-2024,17.85,66.26
6:22:57 | 11-5-2024,17.79,66.34
6:23:57 | 11-5-2024,17.80,66.41
6:24:57 | 11-5-2024,17.79,66.30
6:25:57 | 11-5-2024,17.77,66.26
6:26:57 | 11-5-2024,17.75,66.44
6:27:57 | 11-5-2024,17.80,66.31
6:28:57 | 11-5-2024,17.77,66.35
6:29:57 | 11-5-2024,17.78,66.27
6:30:57 | 11-5-2024,17.76,66.27
6:31:57 | 11-5-2024,17.75,66.41
6:32:57 | 11-5-2024,17.79,66.28
6:33:57 | 11-5-2024,17.80,66.31
6:34:57 | 11-5-2024,17.77,66.28
6:35:57 | 11-5-2024,17.78,66.23
6:36:57 | 11-5-2024,17.75,66.30
6:37:57 | 11-5-2024,17.76,66.19
6:38:57 | 11-5-2024,17.81,66.21
6:39:57 | 11-5-2024,17.82,66.04
6:40:57 | 11-5-2024,17.83,65.93
6:41:57 | 11-5-2024,17.83,65.88
6:42:57 | 11-5-2024,17.82,65.90
6:43:57 | 11-5-2024,17.80,66.05
6:44:57 | 11-5-2024,17.81,66.02
6:45:57 | 11-5-2024,17.74,66.13
6:46:57 | 11-5-2024,17.77,66.07
6:47:57 | 11-5-2024,17.78,66.22
6:48:57 | 11-5-2024,17.80,66.16
6:49:57 | 11-5-2024,17.80,66.11
6:50:57 | 11-5-2024,17.78,66.21
6:51:57 | 11-5-2024,17.78,66.17
6:52:57 | 11-5-2024,17.79,66.23
6:53:57 | 11-5-2024,17.79,66.31
6:54:57 | 11-5-2024,17.79,66.16
6:55:57 | 11-5-2024,17.81,66.10
6:56:57 | 11-5-2024,17.78,66.04
6:57:57 | 11-5-2024,17.79,66.27
6:58:57 | 11-5-2024,17.80,66.24
6:59:57 | 11-5-2024,17.74,66.20
7:0:57 | 11-5-2024,17.72,66.39
7:1:57 | 11-5-2024,17.74,66.30
7:2:57 | 11-5-2024,17.75,66.15
7:3:57 | 11-5-2024,17.78,66.28
7:4:57 | 11-5-2024,17.75,66.28
7:5:57 | 11-5-2024,17.80,66.25
7:6:57 | 11-5-2024,17.80,66.21
7:7:57 | 11-5-2024,17.78,65.94
7:8:57 | 11-5-2024,17.76,65.91
7:9:57 | 11-5-2024,17.73,65.96
7:10:57 | 11-5-2024,17.77,66.09
7:11:57 | 11-5-2024,17.79,66.05
7:12:57 | 11-5-2024,17.78,66.02
7:13:57 | 11-5-2024,17.79,65.94
7:14:57 | 11-5-2024,17.83,65.75
7:15:57 | 11-5-2024,17.83,65.84
7:16:57 | 11-5-2024,17.83,65.76
7:17:57 | 11-5-2024,17.82,65.79
7:18:57 | 11-5-2024,17.81,65.71
7:19:57 | 11-5-2024,17.81,65.71
7:20:57 | 11-5-2024,17.83,65.58
7:21:57 | 11-5-2024,17.88,65.51
7:22:57 | 11-5-2024,17.85,65.38
7:23:57 | 11-5-2024,17.90,65.18
7:24:57 | 11-5-2024,17.91,65.41
7:25:57 | 11-5-2024,17.94,65.38
7:26:57 | 11-5-2024,17.92,65.37
7:27:57 | 11-5-2024,17.88,65.32
7:28:57 | 11-5-2024,17.87,65.47
7:29:57 | 11-5-2024,17.90,65.48
7:30:57 | 11-5-2024,17.92,65.33
7:31:57 | 11-5-2024,17.91,65.25
7:32:57 | 11-5-2024,17.89,65.33
7:33:57 | 11-5-2024,17.93,65.41
7:34:57 | 11-5-2024,17.92,65.54
7:35:57 | 11-5-2024,17.91,65.29
7:36:57 | 11-5-2024,17.92,65.38
7:37:57 | 11-5-2024,17.93,65.26
7:38:57 | 11-5-2024,17.94,65.19
7:39:57 | 11-5-2024,17.90,65.02
7:40:57 | 11-5-2024,17.88,65.23
7:41:57 | 11-5-2024,17.90,65.38
7:42:57 | 11-5-2024,17.94,65.26
7:43:57 | 11-5-2024,17.94,65.14
7:44:57 | 11-5-2024,17.91,65.38
7:45:57 | 11-5-2024,17.93,65.36
7:46:57 | 11-5-2024,17.95,65.18
7:47:57 | 11-5-2024,17.97,65.18
7:48:57 | 11-5-2024,18.00,65.14
7:49:57 | 11-5-2024,18.01,65.23
7:50:57 | 11-5-2024,17.98,64.51
7:51:57 | 11-5-2024,17.97,64.41
7:52:57 | 11-5-2024,17.95,64.23
7:53:57 | 11-5-2024,17.88,64.41
7:54:57 | 11-5-2024,17.84,64.30
7:55:57 | 11-5-2024,17.80,64.46
7:56:57 | 11-5-2024,17.75,64.57
7:57:57 | 11-5-2024,17.75,65.01
7:58:57 | 11-5-2024,17.79,64.93
7:59:57 | 11-5-2024,17.81,64.96
8:0:57 | 11-5-2024,17.87,64.71
8:1:57 | 11-5-2024,17.88,64.67
8:2:57 | 11-5-2024,17.91,64.60
8:3:57 | 11-5-2024,17.95,64.42
8:4:57 | 11-5-2024,17.97,64.37
8:5:57 | 11-5-2024,17.98,64.34
8:6:57 | 11-5-2024,18.00,63.97
8:7:57 | 11-5-2024,17.90,63.83
8:8:57 | 11-5-2024,17.81,64.00
8:9:57 | 11-5-2024,17.67,64.43
8:10:57 | 11-5-2024,17.57,65.15
8:11:57 | 11-5-2024,17.58,65.55
8:12:57 | 11-5-2024,17.54,65.41
8:13:57 | 11-5-2024,17.51,65.63
8:14:57 | 11-5-2024,17.61,65.60
8:15:57 | 11-5-2024,17.64,65.39
8:16:57 | 11-5-2024,17.62,65.35
8:17:57 | 11-5-2024,17.68,65.71
8:18:57 | 11-5-2024,17.71,65.62
8:19:57 | 11-5-2024,17.67,65.53
8:20:57 | 11-5-2024,17.72,65.46
8:21:57 | 11-5-2024,17.74,65.15
8:22:57 | 11-5-2024,17.67,65.32
8:23:57 | 11-5-2024,17.73,65.57
8:24:57 | 11-5-2024,17.70,65.53
8:25:57 | 11-5-2024,17.71,65.71
8:26:57 | 11-5-2024,17.73,65.86
8:27:57 | 11-5-2024,17.78,65.78
8:28:57 | 11-5-2024,17.83,65.62
8:29:57 | 11-5-2024,17.71,65.39
8:30:57 | 11-5-2024,17.68,65.71
8:31:57 | 11-5-2024,17.59,65.63
8:32:57 | 11-5-2024,17.50,66.06
8:33:57 | 11-5-2024,17.39,66.16
8:34:57 | 11-5-2024,17.28,66.79
8:35:57 | 11-5-2024,17.23,67.04
8:36:57 | 11-5-2024,17.32,67.10
8:37:57 | 11-5-2024,17.35,67.26
8:38:57 | 11-5-2024,17.31,67.48
8:39:57 | 11-5-2024,17.29,67.23
8:40:57 | 11-5-2024,17.28,67.51
8:41:57 | 11-5-2024,17.35,67.61
8:42:57 | 11-5-2024,17.50,67.13
8:43:57 | 11-5-2024,17.49,67.07
8:44:57 | 11-5-2024,17.40,66.88
8:45:57 | 11-5-2024,17.45,67.31
8:46:57 | 11-5-2024,17.50,67.01
8:47:57 | 11-5-2024,17.49,66.99
8:48:57 | 11-5-2024,17.55,66.80
8:49:57 | 11-5-2024,17.50,66.86
8:50:57 | 11-5-2024,17.53,66.94
8:51:57 | 11-5-2024,17.57,66.69
8:52:57 | 11-5-2024,17.66,66.62
8:53:57 | 11-5-2024,17.60,66.34
8:54:57 | 11-5-2024,17.62,66.57
8:55:57 | 11-5-2024,17.64,66.28
8:56:57 | 11-5-2024,17.73,66.11
8:57:57 | 11-5-2024,17.72,65.99
8:58:57 | 11-5-2024,17.76,66.25
8:59:57 | 11-5-2024,17.72,66.19
9:0:57 | 11-5-2024,17.64,65.96
9:1:57 | 11-5-2024,17.57,66.45
9:2:57 | 11-5-2024,17.53,66.45
9:3:57 | 11-5-2024,17.47,66.72
9:4:57 | 11-5-2024,17.49,66.87
9:5:57 | 11-5-2024,17.48,66.64
9:6:57 | 11-5-2024,17.51,66.64
9:7:57 | 11-5-2024,17.45,66.63
9:8:57 | 11-5-2024,17.41,66.60
9:9:57 | 11-5-2024,17.36,66.84
9:10:57 | 11-5-2024,17.34,67.03
9:11:57 | 11-5-2024,17.34,66.90
9:12:57 | 11-5-2024,17.36,66.79
9:13:57 | 11-5-2024,17.33,67.04
9:14:57 | 11-5-2024,17.33,67.03
9:15:57 | 11-5-2024,17.37,66.89
9:16:57 | 11-5-2024,17.40,66.58
9:17:57 | 11-5-2024,17.47,66.30
9:18:57 | 11-5-2024,17.42,66.15
9:19:57 | 11-5-2024,17.45,66.30
9:20:57 | 11-5-2024,17.48,66.17
9:21:57 | 11-5-2024,17.60,66.36
9:22:57 | 11-5-2024,17.68,65.92
9:23:57 | 11-5-2024,17.68,65.81
9:24:57 | 11-5-2024,17.63,65.71
9:25:57 | 11-5-2024,17.67,65.46
9:26:57 | 11-5-2024,17.59,65.47
9:27:57 | 11-5-2024,17.56,66.12
9:28:57 | 11-5-2024,17.54,65.77
9:29:57 | 11-5-2024,17.55,65.74
9:30:57 | 11-5-2024,17.58,65.28
9:31:57 | 11-5-2024,17.58,65.52
9:32:57 | 11-5-2024,17.61,65.30
9:33:57 | 11-5-2024,17.60,65.49
9:34:57 | 11-5-2024,17.69,65.47
9:35:57 | 11-5-2024,17.85,65.22
9:36:57 | 11-5-2024,17.83,64.76
9:37:57 | 11-5-2024,17.79,64.56
9:38:57 | 11-5-2024,17.75,64.82
9:39:57 | 11-5-2024,17.76,64.97
9:40:57 | 11-5-2024,17.78,65.12
9:41:57 | 11-5-2024,17.82,64.93
9:42:57 | 11-5-2024,17.72,64.92
9:43:57 | 11-5-2024,17.76,64.89
9:44:57 | 11-5-2024,17.83,64.77
9:45:57 | 11-5-2024,17.83,64.53
9:46:57 | 11-5-2024,17.78,64.42
9:47:57 | 11-5-2024,17.83,64.71
9:48:57 | 11-5-2024,17.91,64.64
9:49:57 | 11-5-2024,18.01,64.20
9:50:57 | 11-5-2024,18.05,63.80
9:51:57 | 11-5-2024,18.03,63.74
9:52:57 | 11-5-2024,18.00,63.88
9:53:57 | 11-5-2024,18.00,63.87
9:54:57 | 11-5-2024,17.98,64.18
9:55:57 | 11-5-2024,17.99,64.05
9:56:57 | 11-5-2024,18.06,64.37
9:57:57 | 11-5-2024,18.18,64.27
9:58:57 | 11-5-2024,18.27,63.94
9:59:57 | 11-5-2024,18.36,63.75
10:0:57 | 11-5-2024,18.38,63.52
10:1:57 | 11-5-2024,18.44,63.29
10:2:57 | 11-5-2024,18.58,63.18
10:3:57 | 11-5-2024,18.70,62.60
10:4:57 | 11-5-2024,18.74,62.78
10:5:57 | 11-5-2024,18.84,62.41
10:6:57 | 11-5-2024,18.77,62.13
10:7:57 | 11-5-2024,18.73,62.29
10:8:57 | 11-5-2024,18.82,61.97
10:9:57 | 11-5-2024,18.87,61.89
10:10:57 | 11-5-2024,18.92,61.74
10:11:57 | 11-5-2024,18.94,61.76
10:12:57 | 11-5-2024,18.96,61.93
10:13:57 | 11-5-2024,19.11,62.01
10:14:57 | 11-5-2024,19.19,61.23
10:15:57 | 11-5-2024,19.22,60.83
10:16:57 | 11-5-2024,19.21,60.74
10:17:57 | 11-5-2024,19.25,60.49
10:18:57 | 11-5-2024,19.22,60.47
10:19:57 | 11-5-2024,19.28,60.71
10:20:57 | 11-5-2024,19.38,60.62
10:21:57 | 11-5-2024,19.38,60.30
10:22:57 | 11-5-2024,19.32,60.43
10:23:57 | 11-5-2024,19.28,60.77
10:24:57 | 11-5-2024,19.22,60.81
10:25:57 | 11-5-2024,19.26,61.11
10:26:57 | 11-5-2024,19.21,60.90
10:27:57 | 11-5-2024,19.23,61.14
10:28:57 | 11-5-2024,19.22,61.00
10:29:57 | 11-5-2024,19.28,61.28
10:30:57 | 11-5-2024,19.31,60.70
10:31:57 | 11-5-2024,19.32,60.42
10:32:57 | 11-5-2024,19.37,60.49
10:33:57 | 11-5-2024,19.35,60.44
10:34:57 | 11-5-2024,19.31,60.12
10:35:57 | 11-5-2024,19.30,60.10
10:36:57 | 11-5-2024,19.33,60.13
10:37:57 | 11-5-2024,19.34,60.23
10:38:57 | 11-5-2024,19.33,60.01
10:39:57 | 11-5-2024,19.36,59.96
10:40:57 | 11-5-2024,19.39,59.59
10:41:57 | 11-5-2024,19.33,59.43
10:42:57 | 11-5-2024,19.31,59.90
10:43:57 | 11-5-2024,19.32,59.70
10:44:57 | 11-5-2024,19.29,59.58
10:45:57 | 11-5-2024,19.23,59.56
10:46:57 | 11-5-2024,19.20,59.50
10:47:57 | 11-5-2024,19.08,59.17
10:48:57 | 11-5-2024,19.07,59.23
10:49:57 | 11-5-2024,19.08,59.73
10:50:57 | 11-5-2024,19.11,59.93
10:51:57 | 11-5-2024,19.12,59.90
10:52:57 | 11-5-2024,19.16,59.55
10:53:57 | 11-5-2024,19.14,59.62
10:54:57 | 11-5-2024,19.08,59.55
10:55:57 | 11-5-2024,19.13,59.55
10:56:57 | 11-5-2024,19.19,59.25
10:57:57 | 11-5-2024,19.22,58.97
10:58:57 | 11-5-2024,19.26,58.85
10:59:57 | 11-5-2024,19.26,58.58
11:0:57 | 11-5-2024,19.32,58.72
11:1:57 | 11-5-2024,19.36,58.23
11:2:57 | 11-5-2024,19.33,58.17
11:3:57 | 11-5-2024,19.36,58.42
11:4:57 | 11-5-2024,19.36,58.50
11:5:57 | 11-5-2024,19.35,58.48
11:6:57 | 11-5-2024,19.34,58.56
11:7:57 | 11-5-2024,19.39,58.89
11:8:57 | 11-5-2024,19.43,58.77
11:9:57 | 11-5-2024,19.48,58.67
11:10:57 | 11-5-2024,19.50,58.33
11:11:57 | 11-5-2024,19.61,58.26
11:12:57 | 11-5-2024,19.69,56.39
11:13:57 | 11-5-2024,19.77,56.67
11:14:57 | 11-5-2024,19.90,56.37
11:15:57 | 11-5-2024,19.95,55.28
11:16:57 | 11-5-2024,19.94,55.21
11:17:57 | 11-5-2024,19.94,55.20
11:18:57 | 11-5-2024,19.97,55.55
11:19:57 | 11-5-2024,20.02,55.54
11:20:57 | 11-5-2024,20.08,56.10
11:21:57 | 11-5-2024,20.10,55.52
11:22:57 | 11-5-2024,20.14,55.02
11:23:57 | 11-5-2024,20.06,54.59
11:24:57 | 11-5-2024,19.99,54.29
11:25:57 | 11-5-2024,19.92,54.24
11:26:57 | 11-5-2024,19.90,54.41
11:27:57 | 11-5-2024,19.86,55.10
11:28:57 | 11-5-2024,19.84,55.70
11:29:57 | 11-5-2024,19.81,56.11
11:30:57 | 11-5-2024,19.94,56.02
11:31:57 | 11-5-2024,20.04,54.93
11:32:57 | 11-5-2024,20.12,54.81
11:33:57 | 11-5-2024,20.21,54.95
11:34:57 | 11-5-2024,20.28,54.66
11:35:57 | 11-5-2024,20.35,54.74
11:36:57 | 11-5-2024,20.41,54.52
11:37:57 | 11-5-2024,20.48,53.71
11:38:57 | 11-5-2024,20.55,53.64
11:39:57 | 11-5-2024,20.60,53.67
11:40:57 | 11-5-2024,20.63,53.34
11:41:57 | 11-5-2024,20.64,53.42
11:42:57 | 11-5-2024,20.66,53.43
11:43:57 | 11-5-2024,20.67,52.83
11:44:57 | 11-5-2024,20.66,52.77
